--
-- PostgreSQL database dump
--

-- Dumped from database version 15.1 (Ubuntu 15.1-1.pgdg20.04+1)
-- Dumped by pg_dump version 15.1 (Ubuntu 15.1-1.pgdg20.04+1)

SET statement_timeout = 0;
SET lock_timeout = 0;
SET idle_in_transaction_session_timeout = 0;
SET client_encoding = 'UTF8';
SET standard_conforming_strings = on;
SELECT pg_catalog.set_config('search_path', '', false);
SET check_function_bodies = false;
SET xmloption = content;
SET client_min_messages = warning;
SET row_security = off;

SET default_tablespace = '';

SET default_table_access_method = heap;

--
-- Name: academic_qualification; Type: TABLE; Schema: public; Owner: postgres
--

CREATE TABLE public.academic_qualification (
    id integer NOT NULL,
    name character varying(30)
);


ALTER TABLE public.academic_qualification OWNER TO postgres;

--
-- Name: block; Type: TABLE; Schema: public; Owner: postgres
--

CREATE TABLE public.block (
    id integer NOT NULL,
    name character varying(30),
    district_id integer
);


ALTER TABLE public.block OWNER TO postgres;

--
-- Name: district; Type: TABLE; Schema: public; Owner: postgres
--

CREATE TABLE public.district (
    id integer NOT NULL,
    name character varying(30),
    state_id integer
);


ALTER TABLE public.district OWNER TO postgres;

--
-- Name: professional_qualification; Type: TABLE; Schema: public; Owner: postgres
--

CREATE TABLE public.professional_qualification (
    id integer NOT NULL,
    name character varying(100)
);


ALTER TABLE public.professional_qualification OWNER TO postgres;

--
-- Name: school_category; Type: TABLE; Schema: public; Owner: postgres
--

CREATE TABLE public.school_category (
    id integer NOT NULL,
    name character varying(30)
);


ALTER TABLE public.school_category OWNER TO postgres;

--
-- Name: school_management; Type: TABLE; Schema: public; Owner: postgres
--

CREATE TABLE public.school_management (
    id integer NOT NULL,
    name character varying(50)
);


ALTER TABLE public.school_management OWNER TO postgres;

--
-- Name: state; Type: TABLE; Schema: public; Owner: postgres
--

CREATE TABLE public.state (
    id integer NOT NULL,
    name character varying(30)
);


ALTER TABLE public.state OWNER TO postgres;

--
-- Name: teaching_staff; Type: TABLE; Schema: public; Owner: postgres
--

CREATE TABLE public.teaching_staff (
    id integer NOT NULL,
    block_id integer,
    professional_qualification integer,
    academic_year character(9),
    school_management integer,
    school_category integer,
    academic_qualification integer,
    total_male_teachers integer,
    total_female_teachers integer
);


ALTER TABLE public.teaching_staff OWNER TO postgres;

--
-- Name: teaching_staff_id_seq; Type: SEQUENCE; Schema: public; Owner: postgres
--

CREATE SEQUENCE public.teaching_staff_id_seq
    AS integer
    START WITH 1
    INCREMENT BY 1
    NO MINVALUE
    NO MAXVALUE
    CACHE 1;


ALTER TABLE public.teaching_staff_id_seq OWNER TO postgres;

--
-- Name: teaching_staff_id_seq; Type: SEQUENCE OWNED BY; Schema: public; Owner: postgres
--

ALTER SEQUENCE public.teaching_staff_id_seq OWNED BY public.teaching_staff.id;


--
-- Name: teaching_staff id; Type: DEFAULT; Schema: public; Owner: postgres
--

ALTER TABLE ONLY public.teaching_staff ALTER COLUMN id SET DEFAULT nextval('public.teaching_staff_id_seq'::regclass);


--
-- Data for Name: academic_qualification; Type: TABLE DATA; Schema: public; Owner: postgres
--

COPY public.academic_qualification (id, name) FROM stdin;
2	Secondary
3	Higher secondary
4	Graduate
5	Post graduate
6	M.Phil
7	Ph.D
8	Post Doctoral
\.


--
-- Data for Name: block; Type: TABLE DATA; Schema: public; Owner: postgres
--

COPY public.block (id, name, district_id) FROM stdin;
360601	IBRAHIMPATNAM	3606
360602	MALLAPUR	3606
360603	RAIKAL	3606
360604	BEERPUR	3606
360605	SARANGAPUR	3606
360606	DHARMAPURI	3606
360607	BUGGARAM	3606
360608	JAGITYAL_RURAL	3606
360609	JAGTIAL	3606
360610	MEDIPALLE	3606
360611	KORATLA	3606
360612	METPALLE	3606
360613	KATHLAPUR	3606
360614	KODIMIAL	3606
360615	MALIAL	3606
360616	PEGADAPALLE	3606
360617	GOLLAPALLE	3606
360618	VELGATOOR	3606
361601	KANGTI	3616
361602	SIRGAPOOR	3616
361603	KALHER	3616
361604	NARAYANKHED	3616
361605	NAGALGIDDA	3616
361606	MANOOR	3616
361607	RAIKODE	3616
361608	NAYKAL	3616
361609	ZAHIRABAD	3616
361610	MOGDAMPALLE	3616
361611	KOHIR	3616
361612	JHARASANGAM	3616
361613	MUNIPALLI	3616
361614	WATPALLE	3616
361615	ANDHOLE	3616
361616	PULKAL	3616
361617	SADASIVPET	3616
361618	KONDAPUR	3616
361619	SANGAREDDY	3616
361620	HATHANOORA	3616
361621	GUMMADIDALA	3616
361622	JINNARAM	3616
361623	KANDI	3616
361624	PATANCHERU	3616
361625	AMEENPUR	3616
361626	RAMACHANDRAPURAM	3616
362801	THIMMAJIPETA	3628
362802	BIJINAPALLE	3628
362803	NAGARKURNOOL	3628
362804	TADOOR	3628
362805	URKONDA	3628
362806	VELDANDA	3628
362807	CHARAKONDA	3628
362808	VANGOOR	3628
362809	KALWAKURTHY	3628
362810	TELKAPALLY	3628
362811	UPPUNUTHALA	3628
362812	ACHAMPET	3628
362813	AMRABAD	3628
362814	PADRA	3628
362815	BALMOOR	3628
362816	LINGAL	3628
362817	PEDDAKOTHAPALLE	3628
362818	KODAIR	3628
362819	KOLLAPUR	3628
362820	PENTLAVELLI	3628
\.


--
-- Data for Name: district; Type: TABLE DATA; Schema: public; Owner: postgres
--

COPY public.district (id, name, state_id) FROM stdin;
3607	PEDDAPALLI	36
3616	SANGAREDDY	36
3628	NAGARKURNOOL	36
3606	JAGTIAL	36
\.


--
-- Data for Name: professional_qualification; Type: TABLE DATA; Schema: public; Owner: postgres
--

COPY public.professional_qualification (id, name) FROM stdin;
1	Diploma or certificate in basic teachers training of a duration not less than two years
3	B.Ed. or equivalent
4	M.Ed. or equivalent
5	Others
6	None
7	Diploma/degree in special education
8	Pursuing any relevant professional course
\.


--
-- Data for Name: school_category; Type: TABLE DATA; Schema: public; Owner: postgres
--

COPY public.school_category (id, name) FROM stdin;
1	PS (I-V)
2	UPS (I-VIII)
3	HSS (I-XII)
4	UPS (VI-VIII)
5	HSS (VI-XII)
6	SS (I-X)
7	SS (VI-X)
8	SS (IX-X)
11	HSS (XI-XII)
\.


--
-- Data for Name: school_management; Type: TABLE DATA; Schema: public; Owner: postgres
--

COPY public.school_management (id, name) FROM stdin;
1	Department of Education
10	Department of Education
11	Department of Education
12	Department of Education
14	Department of Education
62	Department of Education
63	Department of Education
64	Department of Education
65	Department of Education
35	Government Aided
4	Government Aided
58	Jawahar Navodaya Vidyalaya
57	Kendriya Vidyalaya / Central School
92	Kendriya Vidyalaya / Central School
3	Local body
33	Local body
98	Madarsa unrecognized
53	Ministry of Labor
56	Other Central Govt. Schools
38	Private Unaided (Recognized)
39	Private Unaided (Recognized)
40	Private Unaided (Recognized)
5	Private Unaided (Recognized)
24	Social welfare Department
90	Social welfare Department
2	Tribal Welfare Department
27	Tribal Welfare Department
29	Tribal Welfare Department
30	Tribal Welfare Department
31	Tribal Welfare Department
\.


--
-- Data for Name: state; Type: TABLE DATA; Schema: public; Owner: postgres
--

COPY public.state (id, name) FROM stdin;
36	Telangana
\.


--
-- Data for Name: teaching_staff; Type: TABLE DATA; Schema: public; Owner: postgres
--

COPY public.teaching_staff (id, block_id, professional_qualification, academic_year, school_management, school_category, academic_qualification, total_male_teachers, total_female_teachers) FROM stdin;
1	360601	6	2019-2020	10	11	5	10	2
2	360601	3	2019-2020	14	5	4	0	3
3	360601	3	2019-2020	14	5	5	0	11
4	360601	4	2019-2020	14	5	5	0	1
5	360601	5	2019-2020	14	5	5	0	1
6	360601	1	2019-2020	33	1	3	1	2
7	360601	1	2019-2020	33	1	4	2	8
8	360601	3	2019-2020	33	1	4	6	3
9	360601	1	2019-2020	33	1	5	0	2
10	360601	3	2019-2020	33	1	5	7	6
11	360601	1	2019-2020	33	2	3	1	1
12	360601	1	2019-2020	33	2	4	2	1
13	360601	3	2019-2020	33	2	4	6	6
14	360601	1	2019-2020	33	2	5	1	1
15	360601	3	2019-2020	33	2	5	23	2
16	360601	4	2019-2020	33	2	5	1	0
17	360601	3	2019-2020	33	7	4	9	5
18	360601	3	2019-2020	33	7	5	27	19
19	360601	4	2019-2020	33	7	5	5	1
20	360601	3	2019-2020	38	1	4	1	0
21	360601	5	2019-2020	38	1	4	1	3
22	360601	1	2019-2020	38	1	5	1	0
23	360601	3	2019-2020	38	1	5	1	0
24	360601	1	2019-2020	38	2	3	0	3
25	360601	5	2019-2020	38	2	3	1	5
26	360601	1	2019-2020	38	2	4	2	7
27	360601	3	2019-2020	38	2	4	5	5
28	360601	5	2019-2020	38	2	4	2	21
29	360601	1	2019-2020	38	2	5	1	1
30	360601	3	2019-2020	38	2	5	2	3
31	360601	5	2019-2020	38	2	5	0	2
32	360601	3	2019-2020	62	5	4	0	1
33	360601	3	2019-2020	62	5	5	10	5
34	360601	4	2019-2020	62	5	5	1	0
35	360602	6	2019-2020	10	11	5	13	1
36	360602	3	2019-2020	14	7	4	0	2
37	360602	5	2019-2020	14	7	4	0	2
38	360602	3	2019-2020	14	7	5	0	7
39	360602	1	2019-2020	30	1	4	0	1
40	360602	3	2019-2020	30	1	4	0	4
41	360602	5	2019-2020	30	1	4	0	1
42	360602	4	2019-2020	30	1	5	0	1
43	360602	1	2019-2020	33	1	3	5	3
44	360602	1	2019-2020	33	1	4	3	6
45	360602	3	2019-2020	33	1	4	13	5
46	360602	1	2019-2020	33	1	5	3	0
47	360602	3	2019-2020	33	1	5	23	2
48	360602	1	2019-2020	33	2	4	1	4
49	360602	3	2019-2020	33	2	4	5	4
50	360602	3	2019-2020	33	2	5	5	4
51	360602	1	2019-2020	33	7	3	0	1
52	360602	5	2019-2020	33	7	3	0	1
53	360602	3	2019-2020	33	7	4	15	9
54	360602	5	2019-2020	33	7	4	2	1
55	360602	1	2019-2020	33	7	5	1	0
56	360602	3	2019-2020	33	7	5	39	23
57	360602	4	2019-2020	33	7	5	3	1
58	360602	5	2019-2020	33	7	5	1	1
59	360602	3	2019-2020	33	7	7	1	0
60	360602	1	2019-2020	38	2	4	5	2
61	360602	3	2019-2020	38	2	4	7	7
62	360602	5	2019-2020	38	2	4	0	3
63	360602	1	2019-2020	38	2	5	0	3
64	360602	3	2019-2020	38	2	5	2	0
65	360602	1	2019-2020	38	6	4	0	2
66	360602	3	2019-2020	38	6	4	5	6
67	360602	7	2019-2020	38	6	4	1	1
68	360602	3	2019-2020	38	6	5	4	2
69	360602	4	2019-2020	38	6	5	2	0
70	360602	5	2019-2020	38	6	5	1	0
71	360602	3	2019-2020	62	5	4	0	1
72	360602	3	2019-2020	62	5	5	14	1
73	360603	6	2019-2020	10	11	4	0	2
74	360603	6	2019-2020	10	11	5	19	0
75	360603	1	2019-2020	14	7	3	0	1
76	360603	3	2019-2020	14	7	4	0	1
77	360603	3	2019-2020	14	7	5	0	8
78	360603	3	2019-2020	29	2	4	1	0
79	360603	1	2019-2020	29	2	5	1	0
80	360603	3	2019-2020	29	2	5	1	0
81	360603	1	2019-2020	30	1	4	0	1
82	360603	3	2019-2020	30	1	4	0	3
83	360603	5	2019-2020	30	1	4	0	1
84	360603	3	2019-2020	30	1	5	0	1
85	360603	1	2019-2020	33	1	3	2	8
86	360603	1	2019-2020	33	1	4	6	6
87	360603	3	2019-2020	33	1	4	16	15
88	360603	1	2019-2020	33	1	5	3	1
89	360603	3	2019-2020	33	1	5	24	9
90	360603	1	2019-2020	33	2	4	1	0
91	360603	3	2019-2020	33	2	4	8	8
92	360603	4	2019-2020	33	2	4	1	0
93	360603	1	2019-2020	33	2	5	0	1
94	360603	3	2019-2020	33	2	5	8	5
95	360603	4	2019-2020	33	2	5	1	0
96	360603	3	2019-2020	33	2	6	1	0
97	360603	1	2019-2020	33	7	3	0	1
98	360603	1	2019-2020	33	7	4	1	0
99	360603	3	2019-2020	33	7	4	18	8
100	360603	5	2019-2020	33	7	4	1	0
101	360603	3	2019-2020	33	7	5	52	28
102	360603	4	2019-2020	33	7	5	4	0
103	360603	3	2019-2020	33	7	7	1	0
104	360603	3	2019-2020	38	1	4	3	18
105	360603	1	2019-2020	38	1	3	0	1
106	360603	1	2019-2020	38	1	4	1	2
107	360603	5	2019-2020	38	1	4	0	1
108	360603	3	2019-2020	38	1	5	0	1
109	360603	1	2019-2020	38	2	4	1	3
110	360603	3	2019-2020	38	2	4	5	18
111	360603	5	2019-2020	38	2	4	2	8
112	360603	7	2019-2020	38	2	4	0	2
113	360603	1	2019-2020	38	2	5	2	1
114	360603	3	2019-2020	38	2	5	2	3
115	360603	1	2019-2020	38	6	3	0	1
116	360603	1	2019-2020	38	6	4	1	4
117	360603	3	2019-2020	38	6	4	16	16
118	360603	5	2019-2020	38	6	4	1	3
119	360603	7	2019-2020	38	6	4	3	3
120	360603	1	2019-2020	38	6	5	0	1
121	360603	3	2019-2020	38	6	5	10	5
122	360603	4	2019-2020	38	6	5	1	1
123	360603	7	2019-2020	38	6	5	1	0
124	360603	3	2019-2020	38	7	4	19	2
125	360603	7	2019-2020	38	7	4	0	1
126	360603	3	2019-2020	38	7	5	4	2
127	360603	6	2019-2020	38	11	4	2	0
128	360603	6	2019-2020	38	11	5	23	8
129	360603	3	2019-2020	62	5	4	1	0
130	360603	3	2019-2020	62	5	5	6	5
131	360603	4	2019-2020	62	5	5	1	0
132	360603	3	2019-2020	64	6	4	1	0
133	360603	4	2019-2020	64	6	4	1	0
134	360603	5	2019-2020	64	6	4	1	0
135	360603	3	2019-2020	64	6	5	4	4
136	360603	4	2019-2020	64	6	5	1	1
137	360604	6	2019-2020	10	11	5	7	5
138	360604	1	2019-2020	29	2	4	2	0
139	360604	3	2019-2020	29	2	4	2	0
140	360604	1	2019-2020	29	2	5	0	1
141	360604	3	2019-2020	29	2	5	4	0
142	360604	5	2019-2020	29	2	5	0	1
143	360604	1	2019-2020	33	1	3	2	6
144	360604	1	2019-2020	33	1	4	6	4
145	360604	3	2019-2020	33	1	4	5	7
146	360604	1	2019-2020	33	1	5	0	2
147	360604	3	2019-2020	33	1	5	7	6
148	360604	1	2019-2020	33	2	3	0	1
149	360604	1	2019-2020	33	2	4	1	1
150	360604	3	2019-2020	33	2	4	3	2
151	360604	3	2019-2020	33	2	5	2	6
152	360604	1	2019-2020	33	7	4	0	2
153	360604	3	2019-2020	33	7	4	8	4
154	360604	3	2019-2020	33	7	5	20	5
155	360604	4	2019-2020	33	7	5	2	0
156	360604	3	2019-2020	38	2	4	0	1
157	360604	5	2019-2020	38	2	4	1	1
158	360604	1	2019-2020	38	2	5	0	1
159	360604	3	2019-2020	38	2	5	3	1
160	360604	5	2019-2020	38	6	3	1	0
161	360604	1	2019-2020	38	6	4	0	5
162	360604	3	2019-2020	38	6	4	4	3
163	360604	5	2019-2020	38	6	4	1	4
164	360604	3	2019-2020	38	6	5	11	1
165	360604	4	2019-2020	38	6	5	1	0
166	360604	5	2019-2020	38	6	5	0	1
167	360605	3	2019-2020	10	7	4	4	0
168	360605	7	2019-2020	10	7	4	0	1
169	360605	1	2019-2020	10	7	5	0	1
170	360605	3	2019-2020	10	7	5	2	2
171	360605	6	2019-2020	10	11	5	9	3
172	360605	5	2019-2020	14	7	3	0	2
173	360605	3	2019-2020	14	7	4	0	2
174	360605	3	2019-2020	14	7	5	0	5
175	360605	1	2019-2020	33	1	3	4	1
176	360605	1	2019-2020	33	1	4	1	3
177	360605	3	2019-2020	33	1	4	12	3
178	360605	1	2019-2020	33	1	5	0	1
179	360605	3	2019-2020	33	1	5	18	8
180	360605	3	2019-2020	33	1	6	2	0
181	360605	1	2019-2020	33	2	3	0	1
182	360605	1	2019-2020	33	2	4	0	2
183	360605	3	2019-2020	33	2	4	4	5
184	360605	3	2019-2020	33	2	5	5	5
185	360605	1	2019-2020	33	7	4	1	0
186	360605	3	2019-2020	33	7	4	9	1
187	360605	4	2019-2020	33	7	4	1	0
188	360605	3	2019-2020	33	7	5	29	4
189	360605	4	2019-2020	33	7	5	3	1
190	360605	3	2019-2020	38	2	4	1	0
191	360605	5	2019-2020	38	2	4	0	2
192	360605	3	2019-2020	38	2	5	1	5
193	360605	7	2019-2020	38	2	5	0	1
194	360606	3	2019-2020	10	7	4	1	0
195	360606	3	2019-2020	10	7	5	3	1
196	360606	4	2019-2020	10	7	5	2	1
197	360606	6	2019-2020	10	11	5	9	3
198	360606	3	2019-2020	14	7	4	0	6
199	360606	5	2019-2020	14	7	4	0	3
200	360606	3	2019-2020	14	7	5	0	2
201	360606	1	2019-2020	33	1	3	4	4
202	360606	1	2019-2020	33	1	4	4	6
203	360606	3	2019-2020	33	1	4	14	11
204	360606	5	2019-2020	33	1	4	1	0
205	360606	1	2019-2020	33	1	5	2	0
206	360606	3	2019-2020	33	1	5	23	10
207	360606	4	2019-2020	33	1	5	1	1
208	360606	3	2019-2020	33	2	4	2	4
209	360606	3	2019-2020	33	2	5	3	3
210	360606	1	2019-2020	33	7	3	1	1
211	360606	1	2019-2020	33	7	4	1	2
212	360606	3	2019-2020	33	7	4	16	10
213	360606	3	2019-2020	33	7	5	47	26
214	360606	4	2019-2020	33	7	5	3	0
215	360606	3	2019-2020	33	7	6	1	0
216	360606	1	2019-2020	38	1	3	0	2
217	360606	1	2019-2020	38	1	4	0	3
218	360606	3	2019-2020	38	1	4	2	9
219	360606	5	2019-2020	38	1	4	0	3
220	360606	3	2019-2020	38	1	5	0	4
221	360606	1	2019-2020	38	2	3	0	2
222	360606	3	2019-2020	38	2	4	15	12
223	360606	7	2019-2020	38	2	4	1	0
224	360606	1	2019-2020	38	2	5	1	0
225	360606	3	2019-2020	38	2	5	5	5
226	360606	5	2019-2020	38	2	5	0	1
227	360606	1	2019-2020	38	6	3	0	2
228	360606	1	2019-2020	38	6	4	1	3
229	360606	3	2019-2020	38	6	4	4	7
230	360606	5	2019-2020	38	6	4	1	0
231	360606	7	2019-2020	38	6	4	0	5
232	360606	1	2019-2020	38	6	5	0	2
233	360606	3	2019-2020	38	6	5	5	1
234	360606	4	2019-2020	38	6	5	0	1
235	360606	4	2019-2020	38	6	6	1	0
236	360606	3	2019-2020	38	7	4	1	0
237	360606	5	2019-2020	38	7	4	0	1
238	360606	3	2019-2020	38	7	5	2	1
239	360606	5	2019-2020	38	7	5	1	0
240	360606	6	2019-2020	38	11	4	2	4
241	360606	3	2019-2020	38	11	5	7	1
242	360606	6	2019-2020	38	11	5	7	0
243	360606	1	2019-2020	62	5	3	1	0
244	360606	3	2019-2020	62	5	4	2	0
245	360606	8	2019-2020	62	5	4	1	0
246	360606	1	2019-2020	62	5	5	1	1
247	360606	3	2019-2020	62	5	5	9	4
248	360606	4	2019-2020	62	5	5	1	0
249	360606	3	2019-2020	65	6	4	0	5
250	360606	5	2019-2020	65	6	4	0	1
251	360606	3	2019-2020	65	6	5	1	11
252	360607	1	2019-2020	33	1	3	1	1
253	360607	1	2019-2020	33	1	4	1	0
254	360607	3	2019-2020	33	1	4	4	1
255	360607	1	2019-2020	33	1	5	2	0
256	360607	3	2019-2020	33	1	5	8	3
257	360607	1	2019-2020	33	2	4	1	0
258	360607	3	2019-2020	33	2	4	3	2
259	360607	1	2019-2020	33	2	5	1	0
260	360607	3	2019-2020	33	2	5	2	2
261	360607	1	2019-2020	33	7	3	1	0
262	360607	1	2019-2020	33	7	4	1	0
263	360607	3	2019-2020	33	7	4	8	3
264	360607	4	2019-2020	33	7	4	1	0
265	360607	3	2019-2020	33	7	5	30	5
266	360607	5	2019-2020	33	7	5	1	0
267	360607	3	2019-2020	33	7	6	1	0
268	360607	1	2019-2020	38	2	3	1	0
269	360607	1	2019-2020	38	2	4	0	2
270	360607	3	2019-2020	38	2	4	6	7
271	360607	5	2019-2020	38	2	4	0	2
272	360607	1	2019-2020	38	2	5	2	0
273	360607	3	2019-2020	38	2	5	6	6
274	360607	5	2019-2020	38	2	5	1	1
275	360607	3	2019-2020	98	6	4	1	0
276	360608	1	2019-2020	33	1	3	2	6
277	360608	1	2019-2020	33	1	4	3	2
278	360608	3	2019-2020	33	1	4	12	17
279	360608	4	2019-2020	33	1	4	0	1
280	360608	1	2019-2020	33	1	5	1	2
281	360608	3	2019-2020	33	1	5	28	16
282	360608	1	2019-2020	33	2	3	1	0
283	360608	1	2019-2020	33	2	4	1	0
284	360608	3	2019-2020	33	2	4	7	3
285	360608	3	2019-2020	33	2	5	8	4
286	360608	1	2019-2020	33	7	3	0	3
287	360608	5	2019-2020	33	7	3	1	0
288	360608	1	2019-2020	33	7	4	4	3
289	360608	3	2019-2020	33	7	4	19	15
290	360608	4	2019-2020	33	7	4	1	0
291	360608	1	2019-2020	33	7	5	0	1
292	360608	3	2019-2020	33	7	5	55	25
293	360608	4	2019-2020	33	7	5	8	1
294	360608	5	2019-2020	33	7	5	1	0
295	360608	4	2019-2020	33	7	7	1	0
296	360608	3	2019-2020	38	1	4	1	0
297	360608	7	2019-2020	38	2	3	2	0
298	360608	1	2019-2020	38	2	4	2	1
299	360608	3	2019-2020	38	2	4	5	14
300	360608	3	2019-2020	38	2	5	4	9
301	360608	3	2019-2020	38	6	4	2	7
302	360608	3	2019-2020	38	6	5	2	0
303	360608	1	2019-2020	39	6	4	1	2
304	360608	3	2019-2020	39	6	4	7	15
305	360608	5	2019-2020	39	6	4	0	1
306	360608	3	2019-2020	39	6	5	4	2
307	360608	3	2019-2020	62	5	4	0	1
308	360608	3	2019-2020	62	5	5	12	3
309	360608	3	2019-2020	62	5	6	1	0
310	360608	4	2019-2020	62	5	7	1	0
311	360608	3	2019-2020	64	6	4	0	3
312	360608	3	2019-2020	64	6	5	0	1
313	360608	4	2019-2020	64	6	5	0	3
314	360609	1	2019-2020	10	1	4	5	6
315	360609	3	2019-2020	10	1	4	3	4
316	360609	5	2019-2020	10	1	4	0	1
317	360609	1	2019-2020	10	1	5	0	1
318	360609	3	2019-2020	10	1	5	4	2
319	360609	3	2019-2020	10	2	4	0	3
320	360609	1	2019-2020	10	2	5	1	0
321	360609	3	2019-2020	10	2	5	2	0
322	360609	1	2019-2020	10	7	3	1	2
323	360609	5	2019-2020	10	7	3	0	1
324	360609	7	2019-2020	10	7	3	0	1
325	360609	1	2019-2020	10	7	4	2	2
326	360609	3	2019-2020	10	7	4	10	21
327	360609	4	2019-2020	10	7	4	2	0
328	360609	5	2019-2020	10	7	4	0	1
329	360609	1	2019-2020	10	7	5	1	0
330	360609	3	2019-2020	10	7	5	35	22
331	360609	4	2019-2020	10	7	5	5	2
332	360609	6	2019-2020	10	11	4	3	2
333	360609	6	2019-2020	10	11	5	27	17
334	360609	1	2019-2020	14	5	4	0	1
335	360609	3	2019-2020	14	5	4	0	1
336	360609	4	2019-2020	14	5	4	0	1
337	360609	5	2019-2020	14	5	4	0	1
338	360609	3	2019-2020	14	5	5	0	13
339	360609	5	2019-2020	14	5	5	0	1
340	360609	1	2019-2020	24	6	4	0	1
341	360609	3	2019-2020	24	6	4	0	2
342	360609	5	2019-2020	24	6	4	0	2
343	360609	3	2019-2020	24	6	5	0	6
344	360609	1	2019-2020	33	1	3	0	4
345	360609	1	2019-2020	33	1	4	0	1
346	360609	3	2019-2020	33	1	4	2	10
347	360609	3	2019-2020	33	1	5	10	9
348	360609	4	2019-2020	33	1	5	1	0
349	360609	1	2019-2020	33	2	4	0	2
350	360609	3	2019-2020	33	2	4	7	3
351	360609	3	2019-2020	33	2	5	6	5
352	360609	4	2019-2020	33	2	5	1	0
353	360609	1	2019-2020	33	7	3	1	0
354	360609	3	2019-2020	33	7	4	7	10
355	360609	3	2019-2020	33	7	5	19	7
356	360609	4	2019-2020	33	7	5	3	1
357	360609	3	2019-2020	35	1	4	1	0
358	360609	5	2019-2020	35	2	3	0	1
359	360609	6	2019-2020	35	2	3	0	1
360	360609	5	2019-2020	35	2	4	0	1
361	360609	3	2019-2020	35	2	5	1	0
362	360609	3	2019-2020	38	1	4	2	3
363	360609	5	2019-2020	38	1	4	0	2
364	360609	3	2019-2020	38	1	5	1	1
365	360609	1	2019-2020	38	2	3	1	7
366	360609	1	2019-2020	38	2	4	1	10
367	360609	3	2019-2020	38	2	4	22	68
368	360609	5	2019-2020	38	2	4	3	17
369	360609	7	2019-2020	38	2	4	0	5
370	360609	1	2019-2020	38	2	5	1	2
371	360609	3	2019-2020	38	2	5	11	38
372	360609	4	2019-2020	38	2	5	0	1
373	360609	5	2019-2020	38	2	5	1	1
374	360609	6	2019-2020	38	2	5	1	0
375	360609	3	2019-2020	38	2	6	1	0
376	360609	1	2019-2020	38	6	3	1	9
377	360609	5	2019-2020	38	6	3	5	3
378	360609	1	2019-2020	38	6	4	5	31
379	360609	3	2019-2020	38	6	4	92	194
380	360609	4	2019-2020	38	6	4	2	0
381	360609	5	2019-2020	38	6	4	7	29
382	360609	6	2019-2020	38	6	4	0	2
383	360609	7	2019-2020	38	6	4	1	5
384	360609	1	2019-2020	38	6	5	3	4
385	360609	3	2019-2020	38	6	5	83	101
386	360609	4	2019-2020	38	6	5	3	3
387	360609	5	2019-2020	38	6	5	5	4
388	360609	6	2019-2020	38	6	5	0	1
389	360609	7	2019-2020	38	6	5	0	1
390	360609	3	2019-2020	38	6	6	1	0
391	360609	1	2019-2020	38	7	3	0	1
392	360609	3	2019-2020	38	7	4	3	3
393	360609	3	2019-2020	38	7	5	4	2
394	360609	4	2019-2020	38	7	5	0	1
395	360609	6	2019-2020	38	11	4	19	18
396	360609	6	2019-2020	38	11	5	148	53
397	360609	3	2019-2020	39	6	4	2	7
398	360609	5	2019-2020	39	6	4	1	0
399	360609	3	2019-2020	39	6	5	3	2
400	360609	5	2019-2020	39	6	5	0	1
401	360609	3	2019-2020	63	2	5	3	0
402	360609	4	2019-2020	63	2	5	3	0
403	360609	3	2019-2020	64	6	4	0	1
404	360609	3	2019-2020	64	6	5	0	4
405	360609	4	2019-2020	64	6	5	0	1
406	360609	5	2019-2020	64	6	5	0	1
407	360609	5	2019-2020	65	6	3	1	0
408	360609	3	2019-2020	65	6	4	0	3
409	360609	5	2019-2020	65	6	4	2	0
410	360609	7	2019-2020	65	6	4	0	1
411	360609	3	2019-2020	65	6	5	7	21
412	360609	4	2019-2020	65	6	5	1	0
413	360609	5	2019-2020	65	6	5	1	0
414	360610	5	2019-2020	14	7	3	0	1
415	360610	3	2019-2020	14	7	4	0	1
416	360610	5	2019-2020	14	7	4	0	1
417	360610	3	2019-2020	14	7	5	0	7
418	360610	5	2019-2020	14	7	5	0	1
419	360610	3	2019-2020	24	3	4	2	0
420	360610	7	2019-2020	24	3	4	1	0
421	360610	3	2019-2020	24	3	5	7	5
422	360610	4	2019-2020	24	3	7	1	0
423	360610	1	2019-2020	33	1	3	2	4
424	360610	1	2019-2020	33	1	4	6	4
425	360610	3	2019-2020	33	1	4	13	10
426	360610	1	2019-2020	33	1	5	2	1
427	360610	3	2019-2020	33	1	5	32	9
428	360610	4	2019-2020	33	1	5	1	0
429	360610	3	2019-2020	33	1	6	1	1
430	360610	1	2019-2020	33	2	3	1	1
431	360610	1	2019-2020	33	2	4	1	0
432	360610	3	2019-2020	33	2	4	6	2
433	360610	3	2019-2020	33	2	5	16	2
434	360610	3	2019-2020	33	2	7	0	1
435	360610	1	2019-2020	33	7	4	1	0
436	360610	3	2019-2020	33	7	4	24	9
437	360610	4	2019-2020	33	7	4	2	0
438	360610	1	2019-2020	33	7	5	1	2
439	360610	3	2019-2020	33	7	5	70	17
440	360610	4	2019-2020	33	7	5	6	0
441	360610	1	2019-2020	38	2	3	0	3
442	360610	1	2019-2020	38	2	4	1	3
443	360610	3	2019-2020	38	2	4	8	11
444	360610	5	2019-2020	38	2	4	0	2
445	360610	1	2019-2020	38	2	5	0	1
446	360610	3	2019-2020	38	2	5	1	1
447	360610	1	2019-2020	38	6	3	0	1
448	360610	3	2019-2020	38	6	7	1	0
449	360610	5	2019-2020	38	6	3	0	1
450	360610	1	2019-2020	38	6	4	1	3
451	360610	3	2019-2020	38	6	4	2	8
452	360610	5	2019-2020	38	6	4	0	1
453	360610	7	2019-2020	38	6	4	0	1
454	360610	1	2019-2020	38	6	5	0	1
455	360610	3	2019-2020	38	6	5	5	3
456	360610	6	2019-2020	38	11	4	1	0
457	360610	6	2019-2020	38	11	5	10	2
458	360610	3	2019-2020	62	5	4	3	0
459	360610	7	2019-2020	62	5	4	1	0
460	360610	3	2019-2020	62	5	5	8	4
461	360610	4	2019-2020	62	5	5	1	1
462	360611	1	2019-2020	10	1	4	0	1
463	360611	1	2019-2020	10	1	5	0	2
464	360611	1	2019-2020	10	2	4	0	2
465	360611	1	2019-2020	10	2	5	0	1
466	360611	3	2019-2020	10	2	5	1	0
467	360611	3	2019-2020	10	7	4	2	2
468	360611	3	2019-2020	10	7	5	5	3
469	360611	4	2019-2020	10	7	5	1	0
470	360611	4	2019-2020	10	7	6	1	0
471	360611	6	2019-2020	10	11	4	4	0
472	360611	6	2019-2020	10	11	5	29	13
473	360611	3	2019-2020	14	5	4	0	4
474	360611	5	2019-2020	14	5	4	0	1
475	360611	3	2019-2020	14	5	5	0	10
476	360611	5	2019-2020	14	5	5	0	1
477	360611	3	2019-2020	24	6	4	1	1
478	360611	3	2019-2020	24	6	5	0	4
479	360611	4	2019-2020	24	6	5	0	1
480	360611	3	2019-2020	24	6	7	1	0
481	360611	1	2019-2020	33	1	3	3	3
482	360611	1	2019-2020	33	1	4	4	8
483	360611	3	2019-2020	33	1	4	9	12
484	360611	1	2019-2020	33	1	5	1	1
485	360611	3	2019-2020	33	1	5	32	22
486	360611	4	2019-2020	33	1	5	2	0
487	360611	3	2019-2020	33	1	7	1	0
488	360611	1	2019-2020	33	2	4	2	4
489	360611	3	2019-2020	33	2	4	9	2
490	360611	3	2019-2020	33	2	5	11	4
491	360611	5	2019-2020	33	7	3	0	1
492	360611	3	2019-2020	33	7	4	32	14
493	360611	5	2019-2020	33	7	4	2	3
494	360611	1	2019-2020	33	7	5	1	0
495	360611	3	2019-2020	33	7	5	59	27
496	360611	4	2019-2020	33	7	5	8	1
497	360611	4	2019-2020	33	7	6	1	0
498	360611	1	2019-2020	35	2	4	0	2
499	360611	3	2019-2020	35	2	4	0	1
500	360611	3	2019-2020	35	2	5	1	0
501	360611	1	2019-2020	38	1	3	0	1
502	360611	1	2019-2020	38	1	4	0	3
503	360611	3	2019-2020	38	1	4	2	10
504	360611	3	2019-2020	38	1	5	1	5
505	360611	1	2019-2020	38	2	3	2	12
506	360611	1	2019-2020	38	2	4	1	22
507	360611	3	2019-2020	38	2	4	6	37
508	360611	5	2019-2020	38	2	4	2	9
509	360611	7	2019-2020	38	2	4	0	1
510	360611	1	2019-2020	38	2	5	5	3
511	360611	3	2019-2020	38	2	5	8	17
512	360611	4	2019-2020	38	2	5	1	1
513	360611	5	2019-2020	38	2	5	1	2
514	360611	1	2019-2020	38	6	3	2	14
515	360611	1	2019-2020	38	6	4	7	27
516	360611	3	2019-2020	38	6	4	48	84
517	360611	5	2019-2020	38	6	4	6	12
518	360611	6	2019-2020	38	6	4	0	4
519	360611	7	2019-2020	38	6	4	0	1
520	360611	1	2019-2020	38	6	5	2	7
521	360611	3	2019-2020	38	6	5	56	42
522	360611	4	2019-2020	38	6	5	0	1
523	360611	5	2019-2020	38	6	5	3	2
524	360611	3	2019-2020	38	7	4	2	5
525	360611	5	2019-2020	38	7	4	1	0
526	360611	7	2019-2020	38	7	4	1	1
527	360611	3	2019-2020	38	7	5	17	6
528	360611	5	2019-2020	38	7	5	0	1
529	360611	6	2019-2020	38	11	4	3	0
530	360611	6	2019-2020	38	11	5	47	11
531	360611	3	2019-2020	62	5	4	0	2
532	360611	5	2019-2020	62	5	4	0	2
533	360611	3	2019-2020	62	5	5	15	3
534	360611	5	2019-2020	62	5	5	1	0
535	360611	3	2019-2020	64	6	4	5	0
536	360611	5	2019-2020	64	6	4	1	0
537	360611	1	2019-2020	64	6	5	1	0
538	360611	3	2019-2020	64	6	5	0	1
539	360611	3	2019-2020	65	6	4	1	1
540	360611	5	2019-2020	65	6	4	1	0
541	360611	3	2019-2020	65	6	5	5	7
542	360611	4	2019-2020	65	6	5	1	0
543	360611	4	2019-2020	65	6	7	1	0
544	360611	1	2019-2020	98	1	4	0	1
545	360611	3	2019-2020	98	1	4	0	1
546	360611	3	2019-2020	98	1	5	0	1
547	360612	1	2019-2020	10	7	3	0	1
548	360612	3	2019-2020	10	7	4	1	1
549	360612	3	2019-2020	10	7	5	1	3
550	360612	6	2019-2020	10	11	4	3	1
551	360612	6	2019-2020	10	11	5	9	7
552	360612	3	2019-2020	12	6	4	1	0
553	360612	3	2019-2020	12	6	5	7	3
554	360612	4	2019-2020	12	6	5	1	1
555	360612	3	2019-2020	24	6	5	1	8
556	360612	4	2019-2020	24	6	5	0	1
557	360612	1	2019-2020	33	1	3	2	4
558	360612	1	2019-2020	33	1	4	6	11
559	360612	3	2019-2020	33	1	4	19	11
560	360612	1	2019-2020	33	1	5	0	1
561	360612	3	2019-2020	33	1	5	22	17
562	360612	4	2019-2020	33	1	5	2	0
563	360612	1	2019-2020	33	2	4	4	0
564	360612	3	2019-2020	33	2	4	8	4
565	360612	3	2019-2020	33	2	5	17	2
566	360612	4	2019-2020	33	2	5	1	0
567	360612	3	2019-2020	33	2	6	1	0
568	360612	1	2019-2020	33	7	3	1	1
569	360612	1	2019-2020	33	7	4	0	1
570	360612	3	2019-2020	33	7	4	24	9
571	360612	3	2019-2020	33	7	5	71	30
572	360612	4	2019-2020	33	7	5	3	2
573	360612	3	2019-2020	33	7	6	1	0
574	360612	3	2019-2020	33	7	7	0	1
575	360612	3	2019-2020	38	1	4	0	3
576	360612	5	2019-2020	38	1	4	0	2
577	360612	3	2019-2020	38	1	5	1	1
578	360612	5	2019-2020	38	1	5	0	3
579	360612	1	2019-2020	38	2	3	0	3
580	360612	1	2019-2020	38	2	4	1	11
581	360612	3	2019-2020	38	2	4	10	43
582	360612	4	2019-2020	38	2	4	1	1
583	360612	5	2019-2020	38	2	4	2	11
584	360612	1	2019-2020	38	2	5	1	4
585	360612	3	2019-2020	38	2	5	8	4
586	360612	4	2019-2020	38	2	5	0	1
587	360612	5	2019-2020	38	2	5	1	3
588	360612	1	2019-2020	38	6	3	3	4
589	360612	5	2019-2020	38	6	3	0	2
590	360612	7	2019-2020	38	6	3	0	3
591	360612	1	2019-2020	38	6	4	4	6
592	360612	3	2019-2020	38	6	4	28	58
593	360612	4	2019-2020	38	6	4	0	1
594	360612	5	2019-2020	38	6	4	4	24
595	360612	7	2019-2020	38	6	4	2	12
596	360612	1	2019-2020	38	6	5	0	1
597	360612	3	2019-2020	38	6	5	59	42
598	360612	4	2019-2020	38	6	5	4	2
599	360612	5	2019-2020	38	6	5	1	2
600	360612	7	2019-2020	38	6	5	0	3
601	360612	3	2019-2020	38	7	4	1	0
602	360612	5	2019-2020	38	7	4	0	1
603	360612	3	2019-2020	38	7	5	5	0
604	360612	5	2019-2020	38	7	5	0	1
605	360612	6	2019-2020	38	11	4	2	1
606	360612	6	2019-2020	38	11	5	43	7
607	360612	3	2019-2020	64	6	4	0	3
608	360612	5	2019-2020	64	6	4	0	1
609	360612	3	2019-2020	64	6	5	0	2
610	360612	5	2019-2020	64	6	5	0	2
611	360612	3	2019-2020	65	6	4	1	0
612	360612	1	2019-2020	65	6	5	0	1
613	360612	3	2019-2020	65	6	5	1	4
614	360612	4	2019-2020	65	6	5	2	4
615	360612	1	2019-2020	98	1	4	0	1
616	360612	1	2019-2020	98	1	3	0	1
617	360612	5	2019-2020	98	1	3	1	0
618	360612	3	2019-2020	98	1	4	1	1
619	360612	5	2019-2020	98	1	4	1	0
620	360613	6	2019-2020	10	11	5	9	4
621	360613	1	2019-2020	14	7	4	0	2
622	360613	3	2019-2020	14	7	4	0	7
623	360613	4	2019-2020	14	7	5	0	1
624	360613	1	2019-2020	33	1	3	1	4
625	360613	1	2019-2020	33	1	4	7	9
626	360613	3	2019-2020	33	1	4	12	8
627	360613	5	2019-2020	33	1	4	0	1
628	360613	1	2019-2020	33	1	5	1	4
629	360613	3	2019-2020	33	1	5	24	4
630	360613	1	2019-2020	33	2	3	0	1
631	360613	1	2019-2020	33	2	4	1	3
632	360613	3	2019-2020	33	2	4	5	2
633	360613	1	2019-2020	33	2	5	1	1
634	360613	3	2019-2020	33	2	5	6	6
635	360613	5	2019-2020	33	7	2	0	1
636	360613	1	2019-2020	33	7	4	0	1
637	360613	3	2019-2020	33	7	4	13	11
638	360613	4	2019-2020	33	7	4	1	0
639	360613	3	2019-2020	33	7	5	51	16
640	360613	4	2019-2020	33	7	5	10	0
641	360613	5	2019-2020	33	7	5	1	0
642	360613	1	2019-2020	38	2	3	0	1
643	360613	5	2019-2020	38	2	3	0	3
644	360613	1	2019-2020	38	2	4	1	4
645	360613	3	2019-2020	38	2	4	8	7
646	360613	5	2019-2020	38	2	4	2	9
647	360613	7	2019-2020	38	2	4	1	0
648	360613	1	2019-2020	38	2	5	0	1
649	360613	3	2019-2020	38	2	5	8	2
650	360613	5	2019-2020	38	2	5	0	2
651	360613	7	2019-2020	38	2	5	1	1
652	360613	1	2019-2020	38	6	3	0	1
653	360613	1	2019-2020	38	6	4	0	5
654	360613	3	2019-2020	38	6	4	4	5
655	360613	5	2019-2020	38	6	4	3	5
656	360613	6	2019-2020	38	6	4	1	0
657	360613	1	2019-2020	38	6	5	0	1
658	360613	3	2019-2020	38	6	5	4	1
659	360613	3	2019-2020	62	5	4	2	1
660	360613	3	2019-2020	62	5	5	7	5
661	360613	4	2019-2020	62	5	5	1	0
662	360613	5	2019-2020	62	5	5	1	0
663	360613	4	2019-2020	62	5	7	0	1
664	360614	6	2019-2020	10	11	5	12	2
665	360614	7	2019-2020	14	7	3	0	1
666	360614	3	2019-2020	14	7	4	0	4
667	360614	7	2019-2020	14	7	4	0	1
668	360614	3	2019-2020	14	7	5	0	4
669	360614	4	2019-2020	14	7	5	0	1
670	360614	1	2019-2020	33	1	3	2	1
671	360614	1	2019-2020	33	1	4	4	5
672	360614	3	2019-2020	33	1	4	9	17
673	360614	1	2019-2020	33	1	5	2	0
674	360614	3	2019-2020	33	1	5	14	9
675	360614	4	2019-2020	33	1	5	1	0
676	360614	3	2019-2020	33	2	4	2	3
677	360614	3	2019-2020	33	2	5	5	2
678	360614	1	2019-2020	33	7	4	1	1
679	360614	3	2019-2020	33	7	4	14	14
680	360614	4	2019-2020	33	7	4	1	1
681	360614	1	2019-2020	33	7	5	2	0
682	360614	3	2019-2020	33	7	5	32	24
683	360614	4	2019-2020	33	7	5	3	0
684	360614	4	2019-2020	33	7	6	1	0
685	360614	1	2019-2020	38	2	4	1	3
686	360614	3	2019-2020	38	2	4	3	23
687	360614	5	2019-2020	38	2	4	0	5
688	360614	1	2019-2020	38	2	5	0	2
689	360614	3	2019-2020	38	2	5	0	8
690	360614	5	2019-2020	38	2	5	0	1
691	360614	1	2019-2020	38	6	4	1	0
692	360614	3	2019-2020	38	6	4	2	3
693	360614	3	2019-2020	38	6	5	3	2
694	360614	3	2019-2020	38	7	4	0	4
695	360614	3	2019-2020	38	7	5	9	3
696	360614	3	2019-2020	62	5	4	1	0
697	360614	3	2019-2020	62	5	5	6	8
698	360614	5	2019-2020	62	5	5	0	1
699	360615	6	2019-2020	10	11	5	11	3
700	360615	5	2019-2020	12	3	3	0	1
701	360615	5	2019-2020	12	3	4	0	1
702	360615	3	2019-2020	12	3	5	4	7
703	360615	4	2019-2020	12	3	5	0	1
704	360615	3	2019-2020	14	7	4	0	1
705	360615	7	2019-2020	14	7	4	0	1
706	360615	3	2019-2020	14	7	5	0	8
707	360615	5	2019-2020	14	7	5	0	1
708	360615	1	2019-2020	33	1	3	1	1
709	360615	1	2019-2020	33	1	4	2	2
710	360615	3	2019-2020	33	1	4	10	7
711	360615	1	2019-2020	33	1	5	1	0
712	360615	3	2019-2020	33	1	5	19	13
713	360615	4	2019-2020	33	1	5	1	0
714	360615	1	2019-2020	33	2	3	2	0
715	360615	1	2019-2020	33	2	4	1	0
716	360615	3	2019-2020	33	2	4	4	6
717	360615	1	2019-2020	33	2	5	0	1
718	360615	3	2019-2020	33	2	5	7	6
719	360615	4	2019-2020	33	2	5	2	0
720	360615	1	2019-2020	33	7	4	2	1
721	360615	3	2019-2020	33	7	4	16	8
722	360615	4	2019-2020	33	7	4	1	0
723	360615	5	2019-2020	33	7	4	1	0
724	360615	3	2019-2020	33	7	5	37	23
725	360615	4	2019-2020	33	7	5	5	1
726	360615	3	2019-2020	35	2	4	4	0
727	360615	4	2019-2020	35	2	5	1	0
728	360615	3	2019-2020	35	2	6	0	1
729	360615	1	2019-2020	38	1	4	1	1
730	360615	3	2019-2020	38	1	4	0	1
731	360615	5	2019-2020	38	1	4	0	2
732	360615	3	2019-2020	38	1	5	1	1
733	360615	5	2019-2020	38	1	5	0	2
734	360615	1	2019-2020	38	2	3	0	3
735	360615	1	2019-2020	38	2	4	0	8
736	360615	3	2019-2020	38	2	4	10	32
737	360615	5	2019-2020	38	2	4	1	0
738	360615	3	2019-2020	38	2	5	8	5
739	360615	5	2019-2020	38	2	5	1	1
740	360615	3	2019-2020	38	6	4	5	4
741	360615	1	2019-2020	38	6	4	1	1
742	360615	1	2019-2020	38	6	5	2	0
743	360615	3	2019-2020	38	6	5	9	7
744	360615	3	2019-2020	38	7	4	6	3
745	360615	5	2019-2020	38	7	4	0	1
746	360615	3	2019-2020	38	7	5	2	1
747	360615	3	2019-2020	62	5	4	1	0
748	360615	5	2019-2020	62	5	4	0	1
749	360615	3	2019-2020	62	5	5	11	5
750	360615	4	2019-2020	62	5	5	0	1
751	360616	5	2019-2020	14	7	3	0	1
752	360616	3	2019-2020	14	7	4	0	2
753	360616	3	2019-2020	14	7	5	0	8
754	360616	1	2019-2020	33	1	3	2	1
755	360616	1	2019-2020	33	1	4	2	0
756	360616	3	2019-2020	33	1	4	15	6
757	360616	3	2019-2020	33	1	5	18	10
758	360616	4	2019-2020	33	1	5	2	0
759	360616	1	2019-2020	33	2	3	1	0
760	360616	1	2019-2020	33	2	4	4	0
761	360616	3	2019-2020	33	2	4	8	5
762	360616	3	2019-2020	33	2	5	8	10
763	360616	4	2019-2020	33	2	5	1	0
764	360616	3	2019-2020	33	7	4	11	7
765	360616	4	2019-2020	33	7	4	1	0
766	360616	5	2019-2020	33	7	4	1	0
767	360616	3	2019-2020	33	7	5	26	12
768	360616	4	2019-2020	33	7	5	2	0
769	360616	3	2019-2020	33	7	7	1	0
770	360616	1	2019-2020	38	2	4	0	1
771	360616	3	2019-2020	38	2	4	1	2
772	360616	5	2019-2020	38	2	4	0	1
773	360616	1	2019-2020	38	2	5	1	0
774	360616	3	2019-2020	38	2	5	3	2
775	360616	1	2019-2020	38	6	3	1	1
776	360616	1	2019-2020	38	6	4	0	1
777	360616	3	2019-2020	38	6	4	3	3
778	360616	5	2019-2020	38	6	4	1	0
779	360616	7	2019-2020	38	6	4	1	0
780	360616	3	2019-2020	38	6	5	1	3
781	360616	3	2019-2020	62	5	4	2	3
782	360616	3	2019-2020	62	5	5	9	3
783	360617	6	2019-2020	10	11	5	10	2
784	360617	5	2019-2020	14	7	2	0	1
785	360617	3	2019-2020	14	7	5	0	9
786	360617	5	2019-2020	14	7	5	0	1
787	360617	1	2019-2020	24	6	4	0	1
788	360617	3	2019-2020	24	6	4	3	5
789	360617	3	2019-2020	24	6	5	0	1
790	360617	1	2019-2020	33	1	3	0	2
791	360617	1	2019-2020	33	1	4	6	4
792	360617	3	2019-2020	33	1	4	16	13
793	360617	1	2019-2020	33	1	5	3	1
794	360617	3	2019-2020	33	1	5	28	6
795	360617	1	2019-2020	33	2	4	1	2
796	360617	3	2019-2020	33	2	4	7	2
797	360617	3	2019-2020	33	2	5	20	3
798	360617	4	2019-2020	33	2	5	2	0
799	360617	1	2019-2020	33	7	3	0	2
800	360617	1	2019-2020	33	7	4	2	1
801	360617	3	2019-2020	33	7	4	20	9
802	360617	3	2019-2020	33	7	5	35	21
803	360617	4	2019-2020	33	7	5	9	1
804	360617	1	2019-2020	38	2	3	0	1
805	360617	1	2019-2020	38	2	4	0	1
806	360617	3	2019-2020	38	2	4	2	2
807	360617	5	2019-2020	38	2	4	0	8
808	360617	3	2019-2020	38	2	5	3	3
809	360617	5	2019-2020	38	2	5	0	1
810	360617	3	2019-2020	38	6	4	1	1
811	360617	3	2019-2020	38	6	5	0	1
812	360617	3	2019-2020	62	5	4	1	1
813	360617	3	2019-2020	62	5	5	11	6
814	360617	5	2019-2020	62	5	5	2	0
815	360618	3	2019-2020	14	5	4	0	1
816	360618	5	2019-2020	14	5	4	0	2
817	360618	3	2019-2020	14	5	5	0	14
818	360618	1	2019-2020	33	1	3	1	1
819	360618	1	2019-2020	33	1	4	2	5
820	360618	3	2019-2020	33	1	4	15	11
821	360618	1	2019-2020	33	1	5	3	0
822	360618	3	2019-2020	33	1	5	29	21
823	360618	3	2019-2020	33	1	7	1	0
824	360618	1	2019-2020	33	2	3	1	3
825	360618	1	2019-2020	33	2	4	1	2
826	360618	3	2019-2020	33	2	4	5	1
827	360618	3	2019-2020	33	2	5	12	6
828	360618	4	2019-2020	33	2	5	1	0
829	360618	3	2019-2020	33	2	6	1	0
830	360618	1	2019-2020	33	7	4	0	1
831	360618	3	2019-2020	33	7	4	20	9
832	360618	5	2019-2020	33	7	4	1	0
833	360618	3	2019-2020	33	7	5	54	25
834	360618	4	2019-2020	33	7	5	6	2
835	360618	5	2019-2020	33	7	5	1	0
836	360618	7	2019-2020	33	7	5	0	1
837	360618	3	2019-2020	33	7	6	1	0
838	360618	4	2019-2020	33	7	6	0	1
839	360618	5	2019-2020	38	2	3	0	1
840	360618	1	2019-2020	38	2	4	0	3
841	360618	3	2019-2020	38	2	4	2	6
842	360618	5	2019-2020	38	2	4	0	6
843	360618	3	2019-2020	38	2	5	2	0
844	360618	5	2019-2020	38	2	5	2	3
845	360618	1	2019-2020	38	6	4	0	4
846	360618	3	2019-2020	38	6	4	3	2
847	360618	5	2019-2020	38	6	4	0	8
848	360618	7	2019-2020	38	6	4	0	1
849	360618	1	2019-2020	38	6	5	0	2
850	360618	3	2019-2020	38	6	5	6	4
851	360618	5	2019-2020	38	6	5	3	2
852	360618	6	2019-2020	38	11	4	0	1
853	360618	6	2019-2020	38	11	5	11	0
854	360618	3	2019-2020	62	5	5	9	4
855	360618	4	2019-2020	62	5	5	0	1
856	360618	3	2019-2020	62	5	6	1	0
857	360618	1	2019-2020	64	6	4	0	1
858	360618	3	2019-2020	64	6	4	3	1
859	360618	5	2019-2020	64	6	4	1	0
860	360618	1	2019-2020	64	6	5	0	1
861	360618	3	2019-2020	64	6	5	3	5
862	360618	4	2019-2020	64	6	5	1	0
863	361601	6	2019-2020	10	11	5	7	3
864	361601	3	2019-2020	14	7	5	0	2
865	361601	3	2019-2020	14	7	6	0	1
866	361601	3	2019-2020	27	3	5	1	2
867	361601	1	2019-2020	33	1	3	12	17
868	361601	5	2019-2020	33	1	3	2	1
869	361601	7	2019-2020	33	1	3	1	0
870	361601	1	2019-2020	33	1	4	9	19
871	361601	3	2019-2020	33	1	4	8	5
872	361601	5	2019-2020	33	1	4	0	2
873	361601	1	2019-2020	33	1	5	1	0
874	361601	3	2019-2020	33	1	5	3	0
875	361601	7	2019-2020	33	1	5	1	0
876	361601	1	2019-2020	33	2	3	10	3
877	361601	5	2019-2020	33	2	3	1	0
878	361601	1	2019-2020	33	2	4	9	8
879	361601	3	2019-2020	33	2	4	11	2
880	361601	5	2019-2020	33	2	4	1	0
881	361601	3	2019-2020	33	2	5	13	1
882	361601	1	2019-2020	33	6	3	1	1
883	361601	1	2019-2020	33	6	4	1	1
884	361601	3	2019-2020	33	6	5	1	0
885	361601	3	2019-2020	33	7	4	12	4
886	361601	5	2019-2020	33	7	4	2	0
887	361601	3	2019-2020	33	7	5	17	4
888	361601	1	2019-2020	38	2	3	3	1
889	361601	1	2019-2020	38	2	4	0	3
890	361601	3	2019-2020	38	2	4	8	2
891	361602	7	2019-2020	14	5	3	0	1
892	361602	3	2019-2020	14	5	4	0	4
893	361602	3	2019-2020	14	5	5	0	6
894	361602	3	2019-2020	24	3	4	3	0
895	361602	4	2019-2020	24	3	4	1	0
896	361602	5	2019-2020	24	3	4	1	0
897	361602	3	2019-2020	24	3	5	8	0
898	361602	4	2019-2020	24	3	5	1	0
899	361602	5	2019-2020	27	6	3	0	5
900	361602	6	2019-2020	27	6	3	0	1
901	361602	3	2019-2020	27	6	5	0	3
902	361602	1	2019-2020	33	1	3	11	9
903	361602	1	2019-2020	33	1	4	19	12
904	361602	3	2019-2020	33	1	4	4	4
905	361602	7	2019-2020	33	1	4	1	0
906	361602	1	2019-2020	33	1	5	2	2
907	361602	3	2019-2020	33	1	5	6	1
908	361602	1	2019-2020	33	2	3	2	5
909	361602	1	2019-2020	33	2	4	3	4
910	361602	3	2019-2020	33	2	4	8	1
911	361602	1	2019-2020	33	2	5	1	0
912	361602	3	2019-2020	33	2	5	5	0
913	361602	5	2019-2020	33	2	5	0	1
914	361602	1	2019-2020	33	7	4	2	0
915	361602	3	2019-2020	33	7	4	13	1
916	361602	5	2019-2020	33	7	4	4	0
917	361602	1	2019-2020	33	7	5	1	0
918	361602	3	2019-2020	33	7	5	16	0
919	361602	1	2019-2020	38	1	3	0	1
920	361602	1	2019-2020	38	1	4	1	0
921	361602	1	2019-2020	38	2	4	0	2
922	361602	3	2019-2020	38	2	4	4	0
923	361602	5	2019-2020	38	2	4	1	0
924	361602	3	2019-2020	38	2	5	1	0
925	361602	5	2019-2020	38	2	5	4	0
926	361603	6	2019-2020	10	11	5	11	2
927	361603	3	2019-2020	30	1	4	0	1
928	361603	5	2019-2020	30	1	4	0	1
929	361603	1	2019-2020	33	1	3	14	10
930	361603	1	2019-2020	33	1	4	17	23
931	361603	3	2019-2020	33	1	4	5	4
932	361603	7	2019-2020	33	1	4	1	0
933	361603	1	2019-2020	33	1	5	4	1
934	361603	3	2019-2020	33	1	5	2	2
935	361603	1	2019-2020	33	2	3	1	0
936	361603	1	2019-2020	33	2	4	6	2
937	361603	3	2019-2020	33	2	4	0	1
938	361603	3	2019-2020	33	2	5	1	1
939	361603	1	2019-2020	33	7	4	1	0
940	361603	3	2019-2020	33	7	4	25	6
941	361603	5	2019-2020	33	7	4	2	0
942	361603	3	2019-2020	33	7	5	19	6
943	361603	4	2019-2020	33	7	5	3	1
944	361603	5	2019-2020	33	7	5	2	0
945	361603	1	2019-2020	38	1	3	0	1
946	361603	1	2019-2020	38	1	4	0	2
947	361603	3	2019-2020	38	1	4	2	0
948	361603	1	2019-2020	38	2	3	2	5
949	361603	1	2019-2020	38	2	4	2	1
950	361603	3	2019-2020	38	2	4	9	3
951	361604	1	2019-2020	10	7	4	1	0
952	361604	3	2019-2020	10	7	4	2	4
953	361604	3	2019-2020	10	7	5	4	3
954	361604	6	2019-2020	10	11	5	16	2
955	361604	1	2019-2020	11	1	4	0	1
956	361604	3	2019-2020	14	5	4	0	2
957	361604	8	2019-2020	14	5	4	0	1
958	361604	3	2019-2020	14	5	5	0	9
959	361604	3	2019-2020	24	3	4	2	1
960	361604	3	2019-2020	24	3	5	5	1
961	361604	3	2019-2020	27	6	4	4	2
962	361604	5	2019-2020	27	6	4	2	0
963	361604	3	2019-2020	27	6	5	4	2
964	361604	4	2019-2020	27	6	5	0	1
965	361604	1	2019-2020	29	6	3	0	2
966	361604	1	2019-2020	29	6	4	8	3
967	361604	3	2019-2020	29	6	4	2	1
968	361604	1	2019-2020	33	1	3	25	19
969	361604	5	2019-2020	33	1	3	2	0
970	361604	1	2019-2020	33	1	4	36	25
971	361604	3	2019-2020	33	1	4	36	19
972	361604	7	2019-2020	33	1	4	1	0
973	361604	1	2019-2020	33	1	5	6	6
974	361604	3	2019-2020	33	1	5	46	9
975	361604	1	2019-2020	33	2	3	2	0
976	361604	1	2019-2020	33	2	4	3	1
977	361604	3	2019-2020	33	2	4	1	0
978	361604	1	2019-2020	33	2	5	1	0
979	361604	3	2019-2020	33	2	5	6	0
980	361604	4	2019-2020	33	2	5	1	0
981	361604	1	2019-2020	33	7	4	1	1
982	361604	3	2019-2020	33	7	4	31	15
983	361604	4	2019-2020	33	7	4	2	0
984	361604	5	2019-2020	33	7	4	2	0
985	361604	7	2019-2020	33	7	4	2	0
986	361604	1	2019-2020	33	7	5	1	0
987	361604	3	2019-2020	33	7	5	64	22
988	361604	4	2019-2020	33	7	5	3	1
989	361604	5	2019-2020	33	7	5	1	0
990	361604	1	2019-2020	38	1	3	0	2
991	361604	1	2019-2020	38	1	4	2	5
992	361604	3	2019-2020	38	1	4	0	1
993	361604	1	2019-2020	38	1	5	0	1
994	361604	3	2019-2020	38	1	5	1	1
995	361604	5	2019-2020	38	1	5	1	0
996	361604	1	2019-2020	38	2	3	3	6
997	361604	5	2019-2020	38	2	3	0	1
998	361604	1	2019-2020	38	2	4	6	5
999	361604	3	2019-2020	38	2	4	11	12
1000	361604	5	2019-2020	38	2	4	1	1
1001	361604	1	2019-2020	38	2	5	1	0
1002	361604	3	2019-2020	38	2	5	3	4
1003	361604	1	2019-2020	38	6	3	3	12
1004	361604	5	2019-2020	38	6	3	0	3
1005	361604	1	2019-2020	38	6	4	4	21
1006	361604	3	2019-2020	38	6	4	35	27
1007	361604	5	2019-2020	38	6	4	4	8
1008	361604	7	2019-2020	38	6	4	0	3
1009	361604	1	2019-2020	38	6	5	2	0
1010	361604	3	2019-2020	38	6	5	27	6
1011	361604	4	2019-2020	38	6	5	1	0
1012	361604	5	2019-2020	38	6	5	0	1
1013	361604	7	2019-2020	38	6	5	1	0
1014	361604	6	2019-2020	38	11	4	2	2
1015	361604	6	2019-2020	38	11	5	42	8
1016	361604	3	2019-2020	65	6	4	4	5
1017	361604	5	2019-2020	65	6	4	1	0
1018	361604	3	2019-2020	65	6	5	6	11
1019	361604	4	2019-2020	65	6	5	0	1
1020	361604	5	2019-2020	65	6	5	0	1
1021	361605	1	2019-2020	27	6	3	0	1
1022	361605	5	2019-2020	27	6	3	0	1
1023	361605	3	2019-2020	27	6	4	0	2
1024	361605	3	2019-2020	27	6	5	0	10
1025	361605	4	2019-2020	27	6	5	0	3
1026	361605	1	2019-2020	33	1	3	15	18
1027	361605	5	2019-2020	33	1	3	0	1
1028	361605	1	2019-2020	33	1	4	10	13
1029	361605	3	2019-2020	33	1	4	9	3
1030	361605	5	2019-2020	33	1	4	1	0
1031	361605	7	2019-2020	33	1	4	1	0
1032	361605	1	2019-2020	33	1	5	3	1
1033	361605	3	2019-2020	33	1	5	6	2
1034	361605	1	2019-2020	33	2	3	6	2
1035	361605	1	2019-2020	33	2	4	4	5
1036	361605	3	2019-2020	33	2	4	4	1
1037	361605	7	2019-2020	33	2	4	0	1
1038	361605	1	2019-2020	33	2	5	2	0
1039	361605	3	2019-2020	33	2	5	4	0
1040	361605	1	2019-2020	33	7	3	2	0
1041	361605	3	2019-2020	33	7	4	2	3
1042	361605	1	2019-2020	33	7	5	1	0
1043	361605	3	2019-2020	33	7	5	6	2
1044	361605	4	2019-2020	33	7	5	1	0
1045	361605	1	2019-2020	38	2	4	1	2
1046	361605	3	2019-2020	38	2	4	0	5
1047	361605	3	2019-2020	38	2	5	1	0
1048	361605	7	2019-2020	62	5	4	1	0
1049	361605	3	2019-2020	62	5	5	14	5
1050	361605	5	2019-2020	62	5	5	3	0
1051	361606	6	2019-2020	10	11	5	13	1
1052	361606	1	2019-2020	14	7	3	0	1
1053	361606	1	2019-2020	14	7	5	0	1
1054	361606	3	2019-2020	14	7	5	0	6
1055	361606	1	2019-2020	33	1	3	8	3
1056	361606	1	2019-2020	33	1	4	13	4
1057	361606	3	2019-2020	33	1	4	7	2
1058	361606	1	2019-2020	33	1	5	1	4
1059	361606	3	2019-2020	33	1	5	12	0
1060	361606	1	2019-2020	33	2	3	6	2
1061	361606	1	2019-2020	33	2	4	6	1
1062	361606	3	2019-2020	33	2	4	5	6
1063	361606	1	2019-2020	33	2	5	2	0
1064	361606	3	2019-2020	33	2	5	9	0
1065	361606	4	2019-2020	33	2	5	1	0
1066	361606	1	2019-2020	33	6	3	1	3
1067	361606	1	2019-2020	33	6	4	0	2
1068	361606	3	2019-2020	33	6	4	1	0
1069	361606	3	2019-2020	33	6	5	0	2
1070	361606	1	2019-2020	33	7	4	0	2
1071	361606	3	2019-2020	33	7	4	12	4
1072	361606	4	2019-2020	33	7	4	1	0
1073	361606	5	2019-2020	33	7	4	1	0
1074	361606	1	2019-2020	33	7	5	1	0
1075	361606	3	2019-2020	33	7	5	19	3
1076	361606	4	2019-2020	33	7	5	4	0
1077	361606	1	2019-2020	38	2	3	1	0
1078	361606	3	2019-2020	38	2	4	0	1
1079	361606	5	2019-2020	38	2	4	0	1
1080	361607	3	2019-2020	14	7	4	0	4
1081	361607	3	2019-2020	14	7	5	0	3
1082	361607	3	2019-2020	24	6	4	0	3
1083	361607	3	2019-2020	24	6	5	1	2
1084	361607	1	2019-2020	33	1	3	3	8
1085	361607	1	2019-2020	33	1	4	9	16
1086	361607	3	2019-2020	33	1	4	4	1
1087	361607	1	2019-2020	33	1	5	1	0
1088	361607	3	2019-2020	33	1	5	4	1
1089	361607	1	2019-2020	33	2	3	5	10
1090	361607	1	2019-2020	33	2	4	11	17
1091	361607	3	2019-2020	33	2	4	4	2
1092	361607	1	2019-2020	33	2	5	0	2
1093	361607	3	2019-2020	33	2	5	3	3
1094	361607	5	2019-2020	33	2	5	1	0
1095	361607	1	2019-2020	33	7	4	3	0
1096	361607	3	2019-2020	33	7	4	7	6
1097	361607	5	2019-2020	33	7	4	1	0
1098	361607	3	2019-2020	33	7	5	20	10
1099	361607	4	2019-2020	33	7	5	4	0
1100	361607	1	2019-2020	38	2	3	0	1
1101	361607	5	2019-2020	38	2	3	1	0
1102	361607	1	2019-2020	38	2	4	4	4
1103	361607	3	2019-2020	38	2	4	1	1
1104	361607	1	2019-2020	38	2	5	1	1
1105	361607	3	2019-2020	38	2	5	1	0
1106	361607	6	2019-2020	38	2	5	1	0
1107	361607	1	2019-2020	38	6	3	1	5
1108	361607	5	2019-2020	38	6	3	1	0
1109	361607	1	2019-2020	38	6	4	3	5
1110	361607	3	2019-2020	38	6	4	7	8
1111	361607	5	2019-2020	38	6	4	1	2
1112	361607	3	2019-2020	38	6	5	6	3
1113	361607	5	2019-2020	38	6	5	0	1
1114	361607	6	2019-2020	38	11	5	10	3
1115	361607	5	2019-2020	62	5	3	1	0
1116	361607	3	2019-2020	62	5	4	0	1
1117	361607	3	2019-2020	62	5	5	6	11
1118	361607	4	2019-2020	62	5	5	0	1
1119	361607	5	2019-2020	62	5	5	2	0
1120	361608	6	2019-2020	10	11	5	23	3
1121	361608	3	2019-2020	14	7	4	0	4
1122	361608	5	2019-2020	14	7	4	0	1
1123	361608	3	2019-2020	14	7	5	0	3
1124	361608	3	2019-2020	24	6	4	1	2
1125	361608	3	2019-2020	24	6	5	0	1
1126	361608	4	2019-2020	24	6	5	0	2
1127	361608	5	2019-2020	24	6	5	1	2
1128	361608	1	2019-2020	33	1	3	6	14
1129	361608	1	2019-2020	33	1	4	17	23
1130	361608	3	2019-2020	33	1	4	9	15
1131	361608	1	2019-2020	33	1	5	2	0
1132	361608	3	2019-2020	33	1	5	5	6
1133	361608	1	2019-2020	33	2	3	3	7
1134	361608	1	2019-2020	33	2	4	8	19
1135	361608	3	2019-2020	33	2	4	6	6
1136	361608	1	2019-2020	33	2	5	2	0
1137	361608	3	2019-2020	33	2	5	2	3
1138	361608	4	2019-2020	33	2	5	1	0
1139	361608	1	2019-2020	33	7	3	0	1
1140	361608	1	2019-2020	33	7	4	1	0
1141	361608	3	2019-2020	33	7	4	27	11
1142	361608	5	2019-2020	33	7	4	1	0
1143	361608	3	2019-2020	33	7	5	23	19
1144	361608	4	2019-2020	33	7	5	1	1
1145	361608	3	2019-2020	33	7	7	1	0
1146	361608	1	2019-2020	38	2	4	3	6
1147	361608	3	2019-2020	38	2	4	14	24
1148	361608	3	2019-2020	38	2	5	4	1
1149	361608	3	2019-2020	39	2	4	7	3
1150	361608	3	2019-2020	39	2	5	4	0
1151	361609	1	2019-2020	10	1	3	1	3
1152	361609	1	2019-2020	10	1	4	1	0
1153	361609	3	2019-2020	10	1	4	1	0
1154	361609	3	2019-2020	10	1	5	2	0
1155	361609	1	2019-2020	10	7	3	1	0
1156	361609	7	2019-2020	10	7	3	1	0
1157	361609	1	2019-2020	10	7	4	1	0
1158	361609	3	2019-2020	10	7	4	6	5
1159	361609	3	2019-2020	10	7	5	19	7
1160	361609	4	2019-2020	10	7	5	3	1
1161	361609	7	2019-2020	10	7	5	1	0
1162	361609	6	2019-2020	10	11	5	20	8
1163	361609	3	2019-2020	14	5	4	0	1
1164	361609	5	2019-2020	14	5	4	0	1
1165	361609	3	2019-2020	14	5	5	0	5
1166	361609	3	2019-2020	14	5	6	0	1
1167	361609	3	2019-2020	24	3	4	0	2
1168	361609	1	2019-2020	24	3	5	0	1
1169	361609	3	2019-2020	24	3	5	2	18
1170	361609	3	2019-2020	27	6	5	0	3
1171	361609	1	2019-2020	33	1	3	10	9
1172	361609	1	2019-2020	33	1	4	4	16
1173	361609	3	2019-2020	33	1	4	25	16
1174	361609	1	2019-2020	33	1	5	0	1
1175	361609	3	2019-2020	33	1	5	22	15
1176	361609	1	2019-2020	33	2	3	4	12
1177	361609	1	2019-2020	33	2	4	2	9
1178	361609	3	2019-2020	33	2	4	11	26
1179	361609	5	2019-2020	33	2	4	1	0
1180	361609	1	2019-2020	33	2	5	3	2
1181	361609	3	2019-2020	33	2	5	17	14
1182	361609	4	2019-2020	33	2	5	1	0
1183	361609	5	2019-2020	33	2	5	2	0
1184	361609	1	2019-2020	33	6	3	0	1
1185	361609	1	2019-2020	33	6	4	0	1
1186	361609	3	2019-2020	33	6	4	2	1
1187	361609	3	2019-2020	33	6	5	1	2
1188	361609	1	2019-2020	33	7	3	2	0
1189	361609	1	2019-2020	33	7	4	5	2
1190	361609	3	2019-2020	33	7	4	37	33
1191	361609	4	2019-2020	33	7	4	1	0
1192	361609	5	2019-2020	33	7	4	1	0
1193	361609	1	2019-2020	33	7	5	0	1
1194	361609	3	2019-2020	33	7	5	36	33
1195	361609	4	2019-2020	33	7	5	3	1
1196	361609	1	2019-2020	35	1	3	1	0
1197	361609	1	2019-2020	35	1	4	0	1
1198	361609	3	2019-2020	35	7	4	1	0
1199	361609	3	2019-2020	35	7	5	1	3
1200	361609	4	2019-2020	35	7	5	0	1
1201	361609	1	2019-2020	38	1	3	0	7
1202	361609	3	2019-2020	38	1	4	0	4
1203	361609	3	2019-2020	38	1	5	0	2
1204	361609	1	2019-2020	38	2	3	4	18
1205	361609	5	2019-2020	38	2	3	1	0
1206	361609	7	2019-2020	38	2	3	0	2
1207	361609	1	2019-2020	38	2	4	2	20
1208	361609	3	2019-2020	38	2	4	16	51
1209	361609	5	2019-2020	38	2	4	1	3
1210	361609	7	2019-2020	38	2	4	0	2
1211	361609	1	2019-2020	38	2	5	0	4
1212	361609	3	2019-2020	38	2	5	4	18
1213	361609	4	2019-2020	38	2	5	2	1
1214	361609	6	2019-2020	38	2	5	1	0
1215	361609	1	2019-2020	38	6	3	7	27
1216	361609	5	2019-2020	38	6	3	0	5
1217	361609	6	2019-2020	38	6	3	0	1
1218	361609	7	2019-2020	38	6	3	0	3
1219	361609	8	2019-2020	38	6	3	0	1
1220	361609	1	2019-2020	38	6	4	3	29
1221	361609	3	2019-2020	38	6	4	63	176
1222	361609	5	2019-2020	38	6	4	2	7
1223	361609	6	2019-2020	38	6	4	0	2
1224	361609	7	2019-2020	38	6	4	2	8
1225	361609	1	2019-2020	38	6	5	2	10
1226	361609	3	2019-2020	38	6	5	48	75
1227	361609	4	2019-2020	38	6	5	0	4
1228	361609	5	2019-2020	38	6	5	0	2
1229	361609	7	2019-2020	38	6	5	0	1
1230	361609	3	2019-2020	38	6	6	1	0
1231	361609	4	2019-2020	38	6	6	1	0
1232	361609	6	2019-2020	38	11	4	4	0
1233	361609	6	2019-2020	38	11	5	71	24
1234	361609	3	2019-2020	65	3	4	0	2
1235	361609	3	2019-2020	65	3	5	7	7
1236	361609	3	2019-2020	65	3	6	0	1
1237	361609	7	2019-2020	65	6	3	0	1
1238	361609	3	2019-2020	65	6	4	0	5
1239	361609	3	2019-2020	65	6	5	0	9
1240	361609	4	2019-2020	65	6	5	0	2
1241	361609	1	2019-2020	98	1	3	2	2
1242	361609	1	2019-2020	98	1	4	1	1
1243	361609	3	2019-2020	98	1	4	2	2
1244	361609	3	2019-2020	98	1	5	0	1
1245	361610	1	2019-2020	11	1	3	1	0
1246	361610	1	2019-2020	11	1	4	0	1
1247	361610	1	2019-2020	33	1	3	8	10
1248	361610	1	2019-2020	33	1	4	4	10
1249	361610	3	2019-2020	33	1	4	5	6
1250	361610	1	2019-2020	33	1	5	1	0
1251	361610	3	2019-2020	33	1	5	7	3
1252	361610	1	2019-2020	33	2	3	0	1
1253	361610	1	2019-2020	33	2	4	1	4
1254	361610	3	2019-2020	33	2	4	1	4
1255	361610	1	2019-2020	33	2	5	1	0
1256	361610	3	2019-2020	33	2	5	4	1
1257	361610	4	2019-2020	33	2	5	0	1
1258	361610	5	2019-2020	33	7	3	0	1
1259	361610	1	2019-2020	33	7	4	1	4
1260	361610	3	2019-2020	33	7	4	11	8
1261	361610	4	2019-2020	33	7	4	1	0
1262	361610	7	2019-2020	33	7	4	0	1
1263	361610	3	2019-2020	33	7	5	11	8
1264	361610	4	2019-2020	33	7	5	2	0
1265	361610	1	2019-2020	38	1	3	1	0
1266	361610	3	2019-2020	38	1	4	1	1
1267	361610	1	2019-2020	38	2	3	0	1
1268	361610	3	2019-2020	38	2	4	2	0
1269	361610	1	2019-2020	38	6	3	1	0
1270	361610	3	2019-2020	38	6	4	0	1
1271	361611	3	2019-2020	10	7	4	5	4
1272	361611	3	2019-2020	10	7	5	5	3
1273	361611	4	2019-2020	10	7	5	1	0
1274	361611	6	2019-2020	10	11	5	16	8
1275	361611	1	2019-2020	12	6	3	0	1
1276	361611	3	2019-2020	12	6	4	1	2
1277	361611	5	2019-2020	12	6	4	0	1
1278	361611	3	2019-2020	12	6	5	0	11
1279	361611	4	2019-2020	12	6	5	0	2
1280	361611	7	2019-2020	12	6	5	0	1
1281	361611	1	2019-2020	33	1	3	6	16
1282	361611	1	2019-2020	33	1	4	10	22
1283	361611	3	2019-2020	33	1	4	10	14
1284	361611	4	2019-2020	33	1	4	1	1
1285	361611	1	2019-2020	33	1	5	1	3
1286	361611	3	2019-2020	33	1	5	13	9
1287	361611	4	2019-2020	33	1	5	0	1
1288	361611	1	2019-2020	33	2	3	1	12
1289	361611	1	2019-2020	33	2	4	2	4
1290	361611	3	2019-2020	33	2	4	11	8
1291	361611	3	2019-2020	33	2	5	6	6
1292	361611	4	2019-2020	33	2	5	0	1
1293	361611	1	2019-2020	33	7	3	0	2
1294	361611	5	2019-2020	33	7	3	1	0
1295	361611	1	2019-2020	33	7	4	2	2
1296	361611	3	2019-2020	33	7	4	17	16
1297	361611	4	2019-2020	33	7	4	1	0
1298	361611	5	2019-2020	33	7	4	1	0
1299	361611	1	2019-2020	33	7	5	1	0
1300	361611	3	2019-2020	33	7	5	31	28
1301	361611	4	2019-2020	33	7	5	1	2
1302	361611	5	2019-2020	33	7	5	1	0
1303	361611	1	2019-2020	38	1	3	0	3
1304	361611	5	2019-2020	38	1	3	0	1
1305	361611	7	2019-2020	38	1	3	0	2
1306	361611	1	2019-2020	38	1	4	1	3
1307	361611	3	2019-2020	38	1	4	1	2
1308	361611	5	2019-2020	38	1	4	1	5
1309	361611	7	2019-2020	38	1	4	0	1
1310	361611	3	2019-2020	38	1	5	0	1
1311	361611	1	2019-2020	38	2	3	1	4
1312	361611	5	2019-2020	38	2	3	0	4
1313	361611	1	2019-2020	38	2	4	0	2
1314	361611	3	2019-2020	38	2	4	2	14
1315	361611	5	2019-2020	38	2	4	0	5
1316	361611	7	2019-2020	38	2	4	0	2
1317	361611	1	2019-2020	38	2	5	0	1
1318	361611	3	2019-2020	38	2	5	1	4
1319	361611	7	2019-2020	38	2	5	0	1
1320	361611	8	2019-2020	38	2	5	1	0
1321	361611	1	2019-2020	38	6	3	3	2
1322	361611	1	2019-2020	38	6	4	1	1
1323	361611	3	2019-2020	38	6	4	3	9
1324	361611	5	2019-2020	38	6	4	3	1
1325	361611	6	2019-2020	38	6	4	1	0
1326	361611	3	2019-2020	38	6	5	1	3
1327	361611	4	2019-2020	38	6	5	0	1
1328	361611	5	2019-2020	38	6	5	2	0
1329	361611	3	2019-2020	64	6	4	1	4
1330	361611	3	2019-2020	64	6	5	1	10
1331	361611	4	2019-2020	64	6	5	1	0
1332	361611	3	2019-2020	65	6	4	0	2
1333	361611	5	2019-2020	65	6	4	0	1
1334	361611	3	2019-2020	65	6	5	0	13
1335	361612	1	2019-2020	11	1	5	0	1
1336	361612	1	2019-2020	14	5	3	0	1
1337	361612	4	2019-2020	14	5	4	0	1
1338	361612	5	2019-2020	14	5	4	0	1
1339	361612	3	2019-2020	14	5	5	0	9
1340	361612	1	2019-2020	33	1	3	6	5
1341	361612	5	2019-2020	33	1	3	1	0
1342	361612	1	2019-2020	33	1	4	7	15
1343	361612	3	2019-2020	33	1	4	15	13
1344	361612	1	2019-2020	33	1	5	2	1
1345	361612	3	2019-2020	33	1	5	7	5
1346	361612	1	2019-2020	33	2	3	1	9
1347	361612	1	2019-2020	33	2	4	3	12
1348	361612	3	2019-2020	33	2	4	8	11
1349	361612	7	2019-2020	33	2	4	1	0
1350	361612	1	2019-2020	33	2	5	2	1
1351	361612	3	2019-2020	33	2	5	11	7
1352	361612	4	2019-2020	33	2	5	1	1
1353	361612	1	2019-2020	33	7	3	0	1
1354	361612	1	2019-2020	33	7	4	1	1
1355	361612	3	2019-2020	33	7	4	16	14
1356	361612	7	2019-2020	33	7	4	1	0
1357	361612	1	2019-2020	33	7	5	1	1
1358	361612	3	2019-2020	33	7	5	18	15
1359	361612	4	2019-2020	33	7	5	1	2
1360	361612	3	2019-2020	38	1	4	1	0
1361	361612	3	2019-2020	38	1	5	2	0
1362	361612	1	2019-2020	38	2	3	2	2
1363	361612	3	2019-2020	38	2	4	3	2
1364	361612	1	2019-2020	38	6	3	1	2
1365	361612	3	2019-2020	38	6	4	0	2
1366	361612	3	2019-2020	57	2	4	4	1
1367	361612	3	2019-2020	57	2	5	1	0
1368	361612	3	2019-2020	62	5	4	0	1
1369	361612	3	2019-2020	62	5	5	12	2
1370	361612	3	2019-2020	62	5	6	0	1
1371	361613	6	2019-2020	10	11	5	9	4
1372	361613	1	2019-2020	12	6	5	0	1
1373	361613	3	2019-2020	12	6	5	4	3
1374	361613	3	2019-2020	12	6	6	0	1
1375	361613	3	2019-2020	14	7	4	0	3
1376	361613	3	2019-2020	14	7	5	0	5
1377	361613	1	2019-2020	33	1	3	7	1
1378	361613	1	2019-2020	33	1	4	5	13
1379	361613	3	2019-2020	33	1	4	18	10
1380	361613	1	2019-2020	33	1	5	0	1
1381	361613	3	2019-2020	33	1	5	14	16
1382	361613	4	2019-2020	33	1	5	2	1
1383	361613	1	2019-2020	33	2	3	2	2
1384	361613	1	2019-2020	33	2	4	2	3
1385	361613	3	2019-2020	33	2	4	8	2
1386	361613	1	2019-2020	33	2	5	0	1
1387	361613	3	2019-2020	33	2	5	3	1
1388	361613	1	2019-2020	33	7	4	1	1
1389	361613	3	2019-2020	33	7	4	20	11
1390	361613	4	2019-2020	33	7	4	1	0
1391	361613	1	2019-2020	33	7	5	0	1
1392	361613	3	2019-2020	33	7	5	37	28
1393	361613	4	2019-2020	33	7	5	5	2
1394	361613	3	2019-2020	33	7	6	0	2
1395	361613	1	2019-2020	38	2	3	1	1
1396	361613	1	2019-2020	38	2	4	2	3
1397	361613	3	2019-2020	38	2	4	2	4
1398	361613	5	2019-2020	38	2	4	2	2
1399	361613	7	2019-2020	38	2	4	0	1
1400	361613	1	2019-2020	38	2	5	0	1
1401	361613	3	2019-2020	38	2	5	1	2
1402	361613	3	2019-2020	62	5	4	1	1
1403	361613	3	2019-2020	62	5	5	6	7
1404	361614	1	2019-2020	33	1	3	4	5
1405	361614	1	2019-2020	33	1	4	9	4
1406	361614	3	2019-2020	33	1	4	4	3
1407	361614	1	2019-2020	33	1	5	0	3
1408	361614	3	2019-2020	33	1	5	5	1
1409	361614	1	2019-2020	33	2	3	0	1
1410	361614	1	2019-2020	33	2	4	0	1
1411	361614	3	2019-2020	33	2	4	3	0
1412	361614	5	2019-2020	33	2	4	1	0
1413	361614	3	2019-2020	33	2	5	5	0
1414	361614	4	2019-2020	33	2	5	1	0
1415	361614	7	2019-2020	33	2	5	1	0
1416	361614	3	2019-2020	33	6	5	2	0
1417	361614	5	2019-2020	33	7	3	1	0
1418	361614	3	2019-2020	33	7	4	9	2
1419	361614	4	2019-2020	33	7	4	1	0
1420	361614	5	2019-2020	33	7	4	1	0
1421	361614	3	2019-2020	33	7	5	23	13
1422	361614	5	2019-2020	33	7	5	1	0
1423	361614	5	2019-2020	38	1	3	0	1
1424	361614	1	2019-2020	38	1	4	1	2
1425	361614	5	2019-2020	38	1	4	1	1
1426	361614	1	2019-2020	38	2	3	1	7
1427	361614	5	2019-2020	38	2	3	0	1
1428	361614	1	2019-2020	38	2	4	2	1
1429	361614	3	2019-2020	38	2	4	8	12
1430	361614	5	2019-2020	38	2	4	0	1
1431	361614	7	2019-2020	38	2	4	0	1
1432	361614	3	2019-2020	38	2	5	1	0
1433	361614	5	2019-2020	38	2	5	0	1
1434	361614	6	2019-2020	38	11	5	13	3
1435	361614	5	2019-2020	62	5	4	0	1
1436	361614	7	2019-2020	62	5	4	1	0
1437	361614	3	2019-2020	62	5	5	4	4
1438	361614	4	2019-2020	62	5	5	0	1
1439	361614	5	2019-2020	62	5	5	1	1
1440	361615	6	2019-2020	10	11	5	22	5
1441	361615	3	2019-2020	14	5	4	0	4
1442	361615	4	2019-2020	14	5	4	0	1
1443	361615	5	2019-2020	14	5	4	0	1
1444	361615	3	2019-2020	14	5	5	0	8
1445	361615	5	2019-2020	14	5	5	0	1
1446	361615	3	2019-2020	24	3	4	1	5
1447	361615	4	2019-2020	24	3	4	0	1
1448	361615	3	2019-2020	24	3	5	0	4
1449	361615	1	2019-2020	33	1	3	4	6
1450	361615	5	2019-2020	33	1	3	0	1
1451	361615	1	2019-2020	33	1	4	8	3
1452	361615	3	2019-2020	33	1	4	15	13
1453	361615	7	2019-2020	33	1	4	1	0
1454	361615	1	2019-2020	33	1	5	1	0
1455	361615	3	2019-2020	33	1	5	24	14
1456	361615	4	2019-2020	33	1	5	1	0
1457	361615	1	2019-2020	33	2	3	2	0
1458	361615	1	2019-2020	33	2	4	1	1
1459	361615	3	2019-2020	33	2	4	9	5
1460	361615	3	2019-2020	33	2	5	13	6
1461	361615	5	2019-2020	33	2	5	1	0
1462	361615	1	2019-2020	33	7	3	2	0
1463	361615	1	2019-2020	33	7	4	4	0
1464	361615	3	2019-2020	33	7	4	25	23
1465	361615	4	2019-2020	33	7	4	0	1
1466	361615	5	2019-2020	33	7	4	2	1
1467	361615	1	2019-2020	33	7	5	0	2
1468	361615	3	2019-2020	33	7	5	34	38
1469	361615	4	2019-2020	33	7	5	2	6
1470	361615	5	2019-2020	33	7	5	3	0
1471	361615	3	2019-2020	33	7	6	1	0
1472	361615	3	2019-2020	33	7	7	1	0
1473	361615	1	2019-2020	38	2	4	0	2
1474	361615	3	2019-2020	38	2	4	0	2
1475	361615	5	2019-2020	38	2	4	0	1
1476	361615	1	2019-2020	38	2	5	0	1
1477	361615	3	2019-2020	38	2	5	0	2
1478	361615	5	2019-2020	38	6	3	0	2
1479	361615	7	2019-2020	38	6	3	1	0
1480	361615	1	2019-2020	38	6	4	3	0
1481	361615	3	2019-2020	38	6	4	14	22
1482	361615	5	2019-2020	38	6	4	0	2
1483	361615	7	2019-2020	38	6	4	1	1
1484	361615	3	2019-2020	38	6	5	18	9
1485	361615	6	2019-2020	38	6	5	1	0
1486	361615	6	2019-2020	38	11	4	1	0
1487	361615	6	2019-2020	38	11	5	24	4
1488	361615	1	2019-2020	62	5	4	1	0
1489	361615	3	2019-2020	62	5	4	1	1
1490	361615	1	2019-2020	62	5	5	1	0
1491	361615	3	2019-2020	62	5	5	6	10
1492	361615	3	2019-2020	64	6	4	0	2
1493	361615	5	2019-2020	64	6	4	0	2
1494	361615	3	2019-2020	64	6	5	0	4
1495	361615	5	2019-2020	64	6	5	0	1
1496	361615	3	2019-2020	65	6	4	1	3
1497	361615	5	2019-2020	65	6	4	0	1
1498	361615	6	2019-2020	65	6	4	0	1
1499	361615	7	2019-2020	65	6	4	0	1
1500	361615	3	2019-2020	65	6	5	8	17
1501	361615	4	2019-2020	65	6	5	1	1
1502	361615	5	2019-2020	65	6	5	0	1
1503	361616	6	2019-2020	10	11	5	12	1
1504	361616	1	2019-2020	11	1	3	0	1
1505	361616	3	2019-2020	14	7	4	0	1
1506	361616	5	2019-2020	14	7	4	0	2
1507	361616	3	2019-2020	14	7	5	0	6
1508	361616	4	2019-2020	14	7	5	0	1
1509	361616	3	2019-2020	24	3	4	2	0
1510	361616	3	2019-2020	24	3	5	7	1
1511	361616	3	2019-2020	29	6	4	5	0
1512	361616	1	2019-2020	33	1	3	5	8
1513	361616	7	2019-2020	33	1	3	1	0
1514	361616	1	2019-2020	33	1	4	5	9
1515	361616	3	2019-2020	33	1	4	9	23
1516	361616	1	2019-2020	33	1	5	3	3
1517	361616	3	2019-2020	33	1	5	15	17
1518	361616	7	2019-2020	33	2	3	1	0
1519	361616	1	2019-2020	33	2	4	0	1
1520	361616	3	2019-2020	33	2	4	4	7
1521	361616	3	2019-2020	33	2	5	17	2
1522	361616	4	2019-2020	33	2	5	1	0
1523	361616	5	2019-2020	33	2	5	0	1
1524	361616	3	2019-2020	33	7	4	30	10
1525	361616	4	2019-2020	33	7	4	1	1
1526	361616	7	2019-2020	33	7	4	3	1
1527	361616	1	2019-2020	33	7	5	0	1
1528	361616	3	2019-2020	33	7	5	40	16
1529	361616	4	2019-2020	33	7	5	4	0
1530	361616	7	2019-2020	33	7	5	1	0
1531	361616	3	2019-2020	33	7	6	2	0
1532	361616	7	2019-2020	38	1	3	0	2
1533	361616	3	2019-2020	38	1	4	1	6
1534	361616	5	2019-2020	38	1	4	0	1
1535	361616	3	2019-2020	38	1	5	1	0
1536	361616	1	2019-2020	38	2	3	0	1
1537	361616	1	2019-2020	38	2	4	0	1
1538	361616	3	2019-2020	38	2	4	1	1
1539	361616	3	2019-2020	38	2	5	0	1
1540	361616	5	2019-2020	38	2	5	0	1
1541	361616	3	2019-2020	62	5	4	1	0
1542	361616	3	2019-2020	62	5	5	7	9
1543	361616	4	2019-2020	62	5	5	1	0
1544	361617	1	2019-2020	10	1	3	2	10
1545	361617	7	2019-2020	10	1	3	0	1
1546	361617	1	2019-2020	10	1	4	3	11
1547	361617	3	2019-2020	10	1	4	3	0
1548	361617	7	2019-2020	10	1	4	1	0
1549	361617	3	2019-2020	10	1	5	1	2
1550	361617	1	2019-2020	10	2	3	0	1
1551	361617	3	2019-2020	10	2	4	0	3
1552	361617	3	2019-2020	10	2	5	1	2
1553	361617	7	2019-2020	10	7	3	1	0
1554	361617	1	2019-2020	10	7	4	1	1
1555	361617	3	2019-2020	10	7	4	6	9
1556	361617	3	2019-2020	10	7	5	15	15
1557	361617	4	2019-2020	10	7	5	3	5
1558	361617	6	2019-2020	10	11	4	2	0
1559	361617	6	2019-2020	10	11	5	9	11
1560	361617	5	2019-2020	14	5	3	0	2
1561	361617	3	2019-2020	14	5	4	0	1
1562	361617	3	2019-2020	14	5	5	0	13
1563	361617	1	2019-2020	33	1	3	12	3
1564	361617	1	2019-2020	33	1	4	8	6
1565	361617	3	2019-2020	33	1	4	16	15
1566	361617	1	2019-2020	33	1	5	2	2
1567	361617	3	2019-2020	33	1	5	14	16
1568	361617	4	2019-2020	33	1	5	0	1
1569	361617	1	2019-2020	33	2	3	3	2
1570	361617	1	2019-2020	33	2	4	0	2
1571	361617	3	2019-2020	33	2	4	15	17
1572	361617	7	2019-2020	33	2	4	1	0
1573	361617	1	2019-2020	33	2	5	0	3
1574	361617	3	2019-2020	33	2	5	8	9
1575	361617	5	2019-2020	33	7	3	0	2
1576	361617	7	2019-2020	33	7	3	0	1
1577	361617	1	2019-2020	33	7	4	4	0
1578	361617	3	2019-2020	33	7	4	24	23
1579	361617	4	2019-2020	33	7	4	1	0
1580	361617	5	2019-2020	33	7	4	1	1
1581	361617	1	2019-2020	33	7	5	1	0
1582	361617	3	2019-2020	33	7	5	37	27
1583	361617	4	2019-2020	33	7	5	3	3
1584	361617	5	2019-2020	33	7	5	1	0
1585	361617	3	2019-2020	33	7	6	1	0
1586	361617	3	2019-2020	35	1	4	1	1
1587	361617	3	2019-2020	35	1	5	1	0
1588	361617	3	2019-2020	35	2	4	1	0
1589	361617	1	2019-2020	38	1	3	0	2
1590	361617	5	2019-2020	38	1	3	0	1
1591	361617	1	2019-2020	38	1	4	0	1
1592	361617	3	2019-2020	38	1	4	0	3
1593	361617	5	2019-2020	38	1	4	0	3
1594	361617	7	2019-2020	38	1	4	0	1
1595	361617	1	2019-2020	38	1	5	0	1
1596	361617	1	2019-2020	38	2	3	12	9
1597	361617	1	2019-2020	38	2	4	1	10
1598	361617	3	2019-2020	38	2	4	6	7
1599	361617	1	2019-2020	38	2	5	1	2
1600	361617	3	2019-2020	38	2	5	3	6
1601	361617	4	2019-2020	38	2	5	1	0
1602	361617	1	2019-2020	38	6	3	11	12
1603	361617	5	2019-2020	38	6	3	0	2
1604	361617	1	2019-2020	38	6	4	1	14
1605	361617	3	2019-2020	38	6	4	8	26
1606	361617	5	2019-2020	38	6	4	1	2
1607	361617	3	2019-2020	38	6	5	6	30
1608	361617	4	2019-2020	38	6	5	2	0
1609	361617	6	2019-2020	38	11	4	3	0
1610	361617	6	2019-2020	38	11	5	27	11
1611	361617	3	2019-2020	64	6	4	1	0
1612	361617	5	2019-2020	64	6	4	1	0
1613	361617	1	2019-2020	64	6	5	1	0
1614	361617	3	2019-2020	64	6	5	3	2
1615	361617	4	2019-2020	64	6	5	2	1
1616	361617	5	2019-2020	64	6	5	1	1
1617	361617	3	2019-2020	65	6	4	2	1
1618	361617	5	2019-2020	65	6	4	1	0
1619	361617	3	2019-2020	65	6	5	5	6
1620	361617	4	2019-2020	65	6	5	1	2
1621	361617	4	2019-2020	65	6	6	0	1
1622	361618	6	2019-2020	10	11	5	8	4
1623	361618	1	2019-2020	11	1	3	0	1
1624	361618	1	2019-2020	11	1	4	0	1
1625	361618	1	2019-2020	11	1	5	0	1
1626	361618	1	2019-2020	14	7	3	0	1
1627	361618	1	2019-2020	14	7	4	0	1
1628	361618	3	2019-2020	14	7	4	0	6
1629	361618	5	2019-2020	14	7	4	0	1
1630	361618	3	2019-2020	14	7	5	0	2
1631	361618	1	2019-2020	24	3	4	1	0
1632	361618	3	2019-2020	24	3	4	0	1
1633	361618	3	2019-2020	24	3	5	8	0
1634	361618	4	2019-2020	24	3	5	8	0
1635	361618	4	2019-2020	24	3	6	1	0
1636	361618	1	2019-2020	33	1	3	6	7
1637	361618	1	2019-2020	33	1	4	7	4
1638	361618	3	2019-2020	33	1	4	15	17
1639	361618	1	2019-2020	33	1	5	1	0
1640	361618	3	2019-2020	33	1	5	13	10
1641	361618	4	2019-2020	33	1	5	2	0
1642	361618	1	2019-2020	33	2	3	0	1
1643	361618	1	2019-2020	33	2	4	1	3
1644	361618	3	2019-2020	33	2	4	9	8
1645	361618	4	2019-2020	33	2	4	0	1
1646	361618	1	2019-2020	33	2	5	1	0
1647	361618	3	2019-2020	33	2	5	6	3
1648	361618	5	2019-2020	33	2	5	1	0
1649	361618	1	2019-2020	33	7	3	2	0
1650	361618	1	2019-2020	33	7	4	1	1
1651	361618	3	2019-2020	33	7	4	19	12
1652	361618	4	2019-2020	33	7	4	1	1
1653	361618	5	2019-2020	33	7	4	1	1
1654	361618	7	2019-2020	33	7	4	0	1
1655	361618	1	2019-2020	33	7	5	0	2
1656	361618	3	2019-2020	33	7	5	43	31
1657	361618	4	2019-2020	33	7	5	7	2
1658	361618	1	2019-2020	38	2	3	2	5
1659	361618	1	2019-2020	38	2	4	1	0
1660	361618	3	2019-2020	38	2	4	6	18
1661	361618	5	2019-2020	38	2	4	0	1
1662	361618	1	2019-2020	38	2	5	0	1
1663	361618	3	2019-2020	38	2	5	1	10
1664	361618	4	2019-2020	38	2	5	1	0
1665	361618	7	2019-2020	38	2	5	0	1
1666	361618	5	2019-2020	38	2	6	1	0
1667	361618	3	2019-2020	38	2	7	0	1
1668	361618	1	2019-2020	38	6	4	2	1
1669	361618	3	2019-2020	38	6	4	1	6
1670	361618	1	2019-2020	38	6	5	0	1
1671	361618	3	2019-2020	38	6	5	4	3
1672	361618	6	2019-2020	38	11	5	10	6
1673	361619	1	2019-2020	10	1	3	2	6
1674	361619	1	2019-2020	10	1	4	4	10
1675	361619	3	2019-2020	10	1	4	5	16
1676	361619	3	2019-2020	10	1	5	3	4
1677	361619	4	2019-2020	10	1	5	0	1
1678	361619	1	2019-2020	10	2	3	1	0
1679	361619	1	2019-2020	10	2	4	0	1
1680	361619	3	2019-2020	10	2	4	0	4
1681	361619	3	2019-2020	10	2	5	1	1
1682	361619	4	2019-2020	10	2	5	1	0
1683	361619	5	2019-2020	10	7	3	0	1
1684	361619	1	2019-2020	10	7	4	0	1
1685	361619	3	2019-2020	10	7	4	7	7
1686	361619	4	2019-2020	10	7	4	0	1
1687	361619	1	2019-2020	10	7	5	0	1
1688	361619	3	2019-2020	10	7	5	12	25
1689	361619	4	2019-2020	10	7	5	4	1
1690	361619	6	2019-2020	10	11	4	4	0
1691	361619	6	2019-2020	10	11	5	27	29
1692	361619	1	2019-2020	33	1	3	6	6
1693	361619	1	2019-2020	33	1	4	1	7
1694	361619	3	2019-2020	33	1	4	5	18
1695	361619	1	2019-2020	33	1	5	0	2
1696	361619	3	2019-2020	33	1	5	3	14
1697	361619	1	2019-2020	33	2	3	1	0
1698	361619	1	2019-2020	33	2	4	1	0
1699	361619	3	2019-2020	33	2	4	2	2
1700	361619	3	2019-2020	33	2	5	2	2
1701	361619	1	2019-2020	33	7	3	0	1
1702	361619	1	2019-2020	33	7	4	3	3
1703	361619	3	2019-2020	33	7	4	8	21
1704	361619	5	2019-2020	33	7	4	0	1
1705	361619	1	2019-2020	33	7	5	0	2
1706	361619	3	2019-2020	33	7	5	23	29
1707	361619	4	2019-2020	33	7	5	0	1
1708	361619	5	2019-2020	33	7	5	1	0
1709	361619	1	2019-2020	33	7	7	0	1
1710	361619	1	2019-2020	35	6	3	1	1
1711	361619	1	2019-2020	35	6	4	0	2
1712	361619	3	2019-2020	35	6	4	1	6
1713	361619	3	2019-2020	35	6	5	1	1
1714	361619	4	2019-2020	35	6	5	1	0
1715	361619	5	2019-2020	38	1	3	0	2
1716	361619	1	2019-2020	38	1	4	0	2
1717	361619	3	2019-2020	38	1	4	1	7
1718	361619	5	2019-2020	38	1	4	0	2
1719	361619	1	2019-2020	38	1	5	1	0
1720	361619	3	2019-2020	38	1	5	0	1
1721	361619	1	2019-2020	38	2	3	1	15
1722	361619	7	2019-2020	38	2	3	0	1
1723	361619	1	2019-2020	38	2	4	0	10
1724	361619	3	2019-2020	38	2	4	5	69
1725	361619	5	2019-2020	38	2	4	1	8
1726	361619	3	2019-2020	38	2	5	4	15
1727	361619	5	2019-2020	38	2	5	1	3
1728	361619	1	2019-2020	38	6	3	7	27
1729	361619	5	2019-2020	38	6	3	2	0
1730	361619	7	2019-2020	38	6	3	1	5
1731	361619	1	2019-2020	38	6	4	5	31
1732	361619	3	2019-2020	38	6	4	65	201
1733	361619	4	2019-2020	38	6	4	1	0
1734	361619	5	2019-2020	38	6	4	1	13
1735	361619	7	2019-2020	38	6	4	2	3
1736	361619	8	2019-2020	38	6	4	0	2
1737	361619	1	2019-2020	38	6	5	0	4
1738	361619	3	2019-2020	38	6	5	52	83
1739	361619	4	2019-2020	38	6	5	3	6
1740	361619	5	2019-2020	38	6	5	0	6
1741	361619	3	2019-2020	38	6	6	1	0
1742	361619	3	2019-2020	38	6	7	1	0
1743	361619	6	2019-2020	38	11	4	6	6
1744	361619	6	2019-2020	38	11	5	91	40
1745	361619	1	2019-2020	39	6	4	0	5
1746	361619	3	2019-2020	39	6	4	1	11
1747	361619	5	2019-2020	39	6	4	1	1
1748	361619	3	2019-2020	39	6	5	5	11
1749	361619	4	2019-2020	39	6	5	1	0
1750	361619	5	2019-2020	39	6	5	0	1
1751	361619	4	2019-2020	39	6	6	0	1
1752	361619	3	2019-2020	64	6	4	1	8
1753	361619	1	2019-2020	65	6	4	0	1
1754	361619	3	2019-2020	65	6	4	0	7
1755	361619	3	2019-2020	65	6	5	0	5
1756	361619	4	2019-2020	65	6	5	0	1
1757	361619	1	2019-2020	98	1	4	1	1
1758	361620	6	2019-2020	10	11	5	12	1
1759	361620	3	2019-2020	14	7	4	0	4
1760	361620	5	2019-2020	14	7	4	0	2
1761	361620	3	2019-2020	14	7	5	0	5
1762	361620	3	2019-2020	24	3	4	1	1
1763	361620	3	2019-2020	24	3	5	9	4
1764	361620	4	2019-2020	24	3	5	1	0
1765	361620	3	2019-2020	24	3	6	2	0
1766	361620	3	2019-2020	24	3	7	1	0
1767	361620	6	2019-2020	24	11	5	6	2
1768	361620	7	2019-2020	29	2	3	0	1
1769	361620	3	2019-2020	29	2	4	1	3
1770	361620	3	2019-2020	29	2	5	1	0
1771	361620	1	2019-2020	33	1	3	4	3
1772	361620	1	2019-2020	33	1	4	3	7
1773	361620	3	2019-2020	33	1	4	21	34
1774	361620	4	2019-2020	33	1	4	1	0
1775	361620	1	2019-2020	33	1	5	0	1
1776	361620	3	2019-2020	33	1	5	18	25
1777	361620	4	2019-2020	33	1	5	1	1
1778	361620	1	2019-2020	33	2	3	2	1
1779	361620	1	2019-2020	33	2	4	3	0
1780	361620	3	2019-2020	33	2	4	1	9
1781	361620	3	2019-2020	33	2	5	3	3
1782	361620	5	2019-2020	33	7	3	1	0
1783	361620	1	2019-2020	33	7	4	1	0
1784	361620	3	2019-2020	33	7	4	23	25
1785	361620	5	2019-2020	33	7	4	1	2
1786	361620	1	2019-2020	33	7	5	0	1
1787	361620	3	2019-2020	33	7	5	54	44
1788	361620	4	2019-2020	33	7	5	5	4
1789	361620	3	2019-2020	33	7	6	0	2
1790	361620	7	2019-2020	38	1	3	0	1
1791	361620	3	2019-2020	38	1	4	1	3
1792	361620	7	2019-2020	38	1	4	0	2
1793	361620	3	2019-2020	38	1	5	0	1
1794	361620	7	2019-2020	38	1	5	1	0
1795	361620	1	2019-2020	38	2	3	1	1
1796	361620	7	2019-2020	38	2	3	0	3
1797	361620	1	2019-2020	38	2	4	0	1
1798	361620	3	2019-2020	38	2	4	4	14
1799	361620	7	2019-2020	38	2	4	0	1
1800	361620	3	2019-2020	38	2	5	2	0
1801	361620	3	2019-2020	38	6	4	3	16
1802	361620	5	2019-2020	38	6	4	1	12
1803	361620	6	2019-2020	38	6	4	1	0
1804	361620	3	2019-2020	38	6	5	2	2
1805	361620	5	2019-2020	38	6	5	0	1
1806	361620	1	2019-2020	39	2	4	1	0
1807	361620	3	2019-2020	39	2	4	2	6
1808	361620	5	2019-2020	39	2	4	1	0
1809	361620	3	2019-2020	39	2	5	0	4
1810	361620	3	2019-2020	62	5	4	1	1
1811	361620	3	2019-2020	62	5	5	5	8
1812	361620	4	2019-2020	62	5	5	2	1
1813	361620	5	2019-2020	62	5	5	1	0
1814	361620	3	2019-2020	62	5	6	1	0
1815	361621	1	2019-2020	33	1	3	3	4
1816	361621	1	2019-2020	33	1	4	1	2
1817	361621	3	2019-2020	33	1	4	5	11
1818	361621	3	2019-2020	33	1	5	8	12
1819	361621	1	2019-2020	33	2	3	1	1
1820	361621	1	2019-2020	33	2	4	0	1
1821	361621	3	2019-2020	33	2	4	1	2
1822	361621	1	2019-2020	33	2	5	1	0
1823	361621	3	2019-2020	33	2	5	0	2
1824	361621	1	2019-2020	33	7	4	0	1
1825	361621	3	2019-2020	33	7	4	10	9
1826	361621	5	2019-2020	33	7	4	2	2
1827	361621	1	2019-2020	33	7	5	1	0
1828	361621	3	2019-2020	33	7	5	30	21
1829	361621	4	2019-2020	33	7	5	2	1
1830	361621	5	2019-2020	33	7	5	1	0
1831	361621	1	2019-2020	38	1	4	1	1
1832	361621	3	2019-2020	38	1	4	1	16
1833	361621	5	2019-2020	38	1	4	0	2
1834	361621	1	2019-2020	38	1	5	0	1
1835	361621	3	2019-2020	38	1	5	0	1
1836	361621	1	2019-2020	38	2	3	0	2
1837	361621	1	2019-2020	38	2	4	0	7
1838	361621	3	2019-2020	38	2	4	1	7
1839	361621	7	2019-2020	38	2	4	0	1
1840	361621	1	2019-2020	38	2	5	0	1
1841	361621	3	2019-2020	38	2	5	0	2
1842	361621	1	2019-2020	38	6	4	1	6
1843	361621	3	2019-2020	38	6	4	2	17
1844	361621	5	2019-2020	38	6	4	1	0
1845	361621	7	2019-2020	38	6	4	1	0
1846	361621	3	2019-2020	38	6	5	2	5
1847	361621	6	2019-2020	38	6	5	1	0
1848	361621	5	2019-2020	38	7	3	0	1
1849	361621	3	2019-2020	38	7	4	6	10
1850	361621	5	2019-2020	38	7	4	2	2
1851	361621	6	2019-2020	38	7	4	1	1
1852	361621	3	2019-2020	38	7	5	7	3
1853	361621	4	2019-2020	38	7	5	1	0
1854	361621	5	2019-2020	38	7	5	0	1
1855	361622	6	2019-2020	10	11	5	7	7
1856	361622	1	2019-2020	14	5	4	0	2
1857	361622	5	2019-2020	14	5	4	0	2
1858	361622	3	2019-2020	14	5	5	0	12
1859	361622	1	2019-2020	27	6	4	1	0
1860	361622	3	2019-2020	27	6	4	4	5
1861	361622	3	2019-2020	27	6	5	10	2
1862	361622	4	2019-2020	27	6	5	2	0
1863	361622	5	2019-2020	27	6	5	0	1
1864	361622	6	2019-2020	27	6	5	1	2
1865	361622	1	2019-2020	33	1	3	3	3
1866	361622	1	2019-2020	33	1	4	3	2
1867	361622	3	2019-2020	33	1	4	8	17
1868	361622	1	2019-2020	33	1	5	2	0
1869	361622	3	2019-2020	33	1	5	9	18
1870	361622	4	2019-2020	33	1	5	0	2
1871	361622	1	2019-2020	33	2	3	0	1
1872	361622	5	2019-2020	33	2	3	1	0
1873	361622	1	2019-2020	33	2	4	0	2
1874	361622	3	2019-2020	33	2	4	6	4
1875	361622	3	2019-2020	33	2	5	6	2
1876	361622	1	2019-2020	33	7	3	0	1
1877	361622	1	2019-2020	33	7	4	0	1
1878	361622	3	2019-2020	33	7	4	10	14
1879	361622	3	2019-2020	33	7	5	22	31
1880	361622	4	2019-2020	33	7	5	5	0
1881	361622	5	2019-2020	33	7	5	0	1
1882	361622	1	2019-2020	38	1	3	0	1
1883	361622	1	2019-2020	38	1	4	0	4
1884	361622	3	2019-2020	38	1	4	0	17
1885	361622	1	2019-2020	38	2	3	1	2
1886	361622	7	2019-2020	38	2	3	0	1
1887	361622	1	2019-2020	38	2	4	0	3
1888	361622	3	2019-2020	38	2	4	7	43
1889	361622	1	2019-2020	38	2	5	0	1
1890	361622	3	2019-2020	38	2	5	6	5
1891	361622	7	2019-2020	38	2	5	0	1
1892	361622	1	2019-2020	38	6	3	0	3
1893	361622	1	2019-2020	38	6	4	1	5
1894	361622	3	2019-2020	38	6	4	9	20
1895	361622	5	2019-2020	38	6	4	0	2
1896	361622	1	2019-2020	38	6	5	0	1
1897	361622	3	2019-2020	38	6	5	10	11
1898	361622	4	2019-2020	38	6	5	1	1
1899	361622	3	2019-2020	38	7	4	10	6
1900	361622	5	2019-2020	38	7	4	0	1
1901	361622	3	2019-2020	38	7	5	2	2
1902	361622	4	2019-2020	38	7	7	1	0
1903	361622	3	2019-2020	62	5	4	2	0
1904	361622	4	2019-2020	62	5	4	0	1
1905	361622	3	2019-2020	62	5	5	3	14
1906	361622	4	2019-2020	62	5	5	0	1
1907	361622	5	2019-2020	62	5	5	0	2
1908	361623	1	2019-2020	14	7	3	0	1
1909	361623	3	2019-2020	14	7	4	0	1
1910	361623	3	2019-2020	14	7	5	0	6
1911	361623	1	2019-2020	33	1	3	2	9
1912	361623	1	2019-2020	33	1	4	2	5
1913	361623	3	2019-2020	33	1	4	9	7
1914	361623	4	2019-2020	33	1	4	1	0
1915	361623	1	2019-2020	33	1	5	1	1
1916	361623	3	2019-2020	33	1	5	7	16
1917	361623	4	2019-2020	33	1	5	0	1
1918	361623	1	2019-2020	33	2	3	1	3
1919	361623	1	2019-2020	33	2	4	2	2
1920	361623	3	2019-2020	33	2	4	12	9
1921	361623	1	2019-2020	33	2	5	1	0
1922	361623	3	2019-2020	33	2	5	7	5
1923	361623	5	2019-2020	33	7	3	1	0
1924	361623	1	2019-2020	33	7	4	0	1
1925	361623	3	2019-2020	33	7	4	9	8
1926	361623	4	2019-2020	33	7	4	0	1
1927	361623	3	2019-2020	33	7	5	18	19
1928	361623	4	2019-2020	33	7	5	6	0
1929	361623	3	2019-2020	33	7	7	1	0
1930	361623	1	2019-2020	38	2	3	0	4
1931	361623	1	2019-2020	38	2	4	0	1
1932	361623	3	2019-2020	38	2	4	3	7
1933	361623	5	2019-2020	38	2	4	1	1
1934	361623	1	2019-2020	38	2	5	0	1
1935	361623	3	2019-2020	38	2	5	3	2
1936	361623	4	2019-2020	38	2	5	0	1
1937	361623	5	2019-2020	38	2	5	0	2
1938	361623	3	2019-2020	38	2	7	0	1
1939	361623	1	2019-2020	38	6	3	0	1
1940	361623	3	2019-2020	38	6	4	7	24
1941	361623	3	2019-2020	38	6	5	12	6
1942	361623	4	2019-2020	38	6	5	1	0
1943	361623	1	2019-2020	57	3	3	3	0
1944	361623	1	2019-2020	57	3	4	0	1
1945	361623	3	2019-2020	57	3	4	3	10
1946	361623	4	2019-2020	57	3	4	1	0
1947	361623	5	2019-2020	57	3	4	0	1
1948	361623	7	2019-2020	57	3	4	1	0
1949	361623	3	2019-2020	57	3	5	3	6
1950	361623	4	2019-2020	57	3	5	1	0
1951	361623	5	2019-2020	57	3	5	0	1
1952	361623	3	2019-2020	57	3	6	1	0
1953	361623	3	2019-2020	57	3	7	1	0
1954	361623	3	2019-2020	65	6	4	2	1
1955	361623	5	2019-2020	65	6	4	1	0
1956	361623	6	2019-2020	65	6	4	0	1
1957	361623	3	2019-2020	65	6	5	8	6
1958	361623	4	2019-2020	65	6	5	1	1
1959	361623	5	2019-2020	65	6	5	1	0
1960	361623	3	2019-2020	98	1	4	1	0
1961	361624	6	2019-2020	10	11	5	15	3
1962	361624	3	2019-2020	24	3	4	0	3
1963	361624	7	2019-2020	24	3	4	0	1
1964	361624	3	2019-2020	24	3	5	3	18
1965	361624	4	2019-2020	24	3	5	0	1
1966	361624	5	2019-2020	24	3	5	0	1
1967	361624	4	2019-2020	24	3	6	0	1
1968	361624	1	2019-2020	33	1	3	5	9
1969	361624	1	2019-2020	33	1	4	2	5
1970	361624	3	2019-2020	33	1	4	13	23
1971	361624	4	2019-2020	33	1	4	1	0
1972	361624	1	2019-2020	33	1	5	1	3
1973	361624	3	2019-2020	33	1	5	11	24
1974	361624	4	2019-2020	33	1	5	0	1
1975	361624	1	2019-2020	33	2	3	0	1
1976	361624	1	2019-2020	33	2	4	1	0
1977	361624	3	2019-2020	33	2	4	0	11
1978	361624	4	2019-2020	33	2	4	0	1
1979	361624	1	2019-2020	33	2	5	0	1
1980	361624	3	2019-2020	33	2	5	12	14
1981	361624	4	2019-2020	33	2	5	0	1
1982	361624	1	2019-2020	33	7	3	1	1
1983	361624	1	2019-2020	33	7	4	4	1
1984	361624	3	2019-2020	33	7	4	11	30
1985	361624	4	2019-2020	33	7	4	2	1
1986	361624	1	2019-2020	33	7	5	1	1
1987	361624	3	2019-2020	33	7	5	20	32
1988	361624	4	2019-2020	33	7	5	4	7
1989	361624	3	2019-2020	33	7	6	0	2
1990	361624	1	2019-2020	38	1	4	0	5
1991	361624	3	2019-2020	38	1	4	0	2
1992	361624	5	2019-2020	38	1	4	0	1
1993	361624	7	2019-2020	38	1	4	0	1
1994	361624	5	2019-2020	38	1	5	0	1
1995	361624	1	2019-2020	38	2	3	1	7
1996	361624	5	2019-2020	38	2	3	0	3
1997	361624	1	2019-2020	38	2	4	3	24
1998	361624	3	2019-2020	38	2	4	5	38
1999	361624	4	2019-2020	38	2	4	0	1
2000	361624	5	2019-2020	38	2	4	0	2
2001	361624	7	2019-2020	38	2	4	0	5
2002	361624	1	2019-2020	38	2	5	0	1
2003	361624	3	2019-2020	38	2	5	1	11
2004	361624	4	2019-2020	38	2	5	1	1
2005	361624	1	2019-2020	38	6	3	3	13
2006	361624	5	2019-2020	38	6	3	1	3
2007	361624	7	2019-2020	38	6	3	0	2
2008	361624	1	2019-2020	38	6	4	3	50
2009	361624	3	2019-2020	38	6	4	47	192
2010	361624	4	2019-2020	38	6	4	0	3
2011	361624	5	2019-2020	38	6	4	1	8
2012	361624	7	2019-2020	38	6	4	1	7
2013	361624	1	2019-2020	38	6	5	0	1
2014	361624	3	2019-2020	38	6	5	27	61
2015	361624	4	2019-2020	38	6	5	3	2
2016	361624	5	2019-2020	38	6	5	0	1
2017	361624	3	2019-2020	38	7	4	3	1
2018	361624	3	2019-2020	38	7	5	25	10
2019	361624	6	2019-2020	38	11	4	2	1
2020	361624	6	2019-2020	38	11	5	30	16
2021	361624	1	2019-2020	40	6	3	0	2
2022	361624	1	2019-2020	40	6	4	1	4
2023	361624	3	2019-2020	40	6	4	21	11
2024	361624	4	2019-2020	40	6	4	0	1
2025	361624	5	2019-2020	40	6	4	1	2
2026	361624	3	2019-2020	40	6	5	8	14
2027	361624	4	2019-2020	40	6	5	1	0
2028	361624	3	2019-2020	40	6	6	1	0
2029	361624	1	2019-2020	56	6	4	0	2
2030	361624	3	2019-2020	56	6	4	8	14
2031	361624	5	2019-2020	56	6	4	1	1
2032	361624	3	2019-2020	56	6	5	8	17
2033	361624	4	2019-2020	56	6	5	0	1
2034	361624	3	2019-2020	64	3	4	0	1
2035	361624	3	2019-2020	65	6	4	0	2
2036	361624	4	2019-2020	65	6	4	0	1
2037	361624	8	2019-2020	65	6	4	0	1
2038	361624	3	2019-2020	65	6	5	1	16
2039	361624	4	2019-2020	65	6	5	3	2
2040	361624	5	2019-2020	65	6	5	3	1
2041	361624	7	2019-2020	65	6	5	0	1
2042	361625	1	2019-2020	33	1	3	5	1
2043	361625	1	2019-2020	33	1	4	1	1
2044	361625	3	2019-2020	33	1	4	7	9
2045	361625	1	2019-2020	33	1	5	0	1
2046	361625	3	2019-2020	33	1	5	2	12
2047	361625	1	2019-2020	33	2	4	1	0
2048	361625	3	2019-2020	33	2	4	0	1
2049	361625	3	2019-2020	33	2	5	1	2
2050	361625	4	2019-2020	33	2	5	0	1
2051	361625	3	2019-2020	33	7	4	5	9
2052	361625	3	2019-2020	33	7	5	7	11
2053	361625	4	2019-2020	33	7	5	5	4
2054	361625	7	2019-2020	33	7	5	1	0
2055	361625	1	2019-2020	38	2	3	0	1
2056	361625	1	2019-2020	38	2	4	3	18
2057	361625	3	2019-2020	38	2	4	5	56
2058	361625	4	2019-2020	38	2	4	1	0
2059	361625	5	2019-2020	38	2	4	1	11
2060	361625	7	2019-2020	38	2	4	0	1
2061	361625	1	2019-2020	38	2	5	0	3
2062	361625	3	2019-2020	38	2	5	1	37
2063	361625	4	2019-2020	38	2	5	0	1
2064	361625	5	2019-2020	38	2	5	0	1
2065	361625	1	2019-2020	38	2	6	1	0
2066	361625	1	2019-2020	38	6	3	1	4
2067	361625	5	2019-2020	38	6	3	0	1
2068	361625	1	2019-2020	38	6	4	1	29
2069	361625	3	2019-2020	38	6	4	8	93
2070	361625	5	2019-2020	38	6	4	1	4
2071	361625	7	2019-2020	38	6	4	2	7
2072	361625	1	2019-2020	38	6	5	0	5
2073	361625	3	2019-2020	38	6	5	11	61
2074	361625	4	2019-2020	38	6	5	1	0
2075	361625	5	2019-2020	38	6	5	1	0
2076	361625	3	2019-2020	38	6	7	1	0
2077	361625	1	2019-2020	39	2	3	0	1
2078	361625	1	2019-2020	39	2	4	0	4
2079	361625	3	2019-2020	39	2	4	0	3
2080	361625	3	2019-2020	39	2	5	1	12
2081	361625	1	2019-2020	39	6	3	1	1
2082	361625	1	2019-2020	39	6	4	1	5
2083	361625	3	2019-2020	39	6	4	0	15
2084	361625	5	2019-2020	39	6	4	0	2
2085	361625	1	2019-2020	39	6	5	1	0
2086	361625	3	2019-2020	39	6	5	2	18
2087	361625	5	2019-2020	39	6	5	0	7
2088	361626	6	2019-2020	10	11	5	9	5
2089	361626	3	2019-2020	14	7	4	0	4
2090	361626	5	2019-2020	14	7	4	0	1
2091	361626	3	2019-2020	14	7	5	0	5
2092	361626	1	2019-2020	33	1	3	2	2
2093	361626	1	2019-2020	33	1	4	5	8
2094	361626	3	2019-2020	33	1	4	7	14
2095	361626	1	2019-2020	33	1	5	0	1
2096	361626	3	2019-2020	33	1	5	10	19
2097	361626	4	2019-2020	33	1	5	0	1
2098	361626	3	2019-2020	33	2	4	1	1
2099	361626	3	2019-2020	33	2	5	0	2
2100	361626	1	2019-2020	33	7	3	2	0
2101	361626	3	2019-2020	33	7	4	13	8
2102	361626	4	2019-2020	33	7	4	2	1
2103	361626	5	2019-2020	33	7	4	1	0
2104	361626	3	2019-2020	33	7	5	18	36
2105	361626	4	2019-2020	33	7	5	1	2
2106	361626	5	2019-2020	33	7	5	1	0
2107	361626	3	2019-2020	33	7	6	0	1
2108	361626	4	2019-2020	33	7	6	0	1
2109	361626	1	2019-2020	38	1	3	0	3
2110	361626	5	2019-2020	38	1	3	0	2
2111	361626	1	2019-2020	38	1	4	1	1
2112	361626	3	2019-2020	38	1	4	0	37
2113	361626	5	2019-2020	38	1	4	0	6
2114	361626	7	2019-2020	38	1	4	0	2
2115	361626	3	2019-2020	38	1	5	0	21
2116	361626	5	2019-2020	38	1	5	0	1
2117	361626	1	2019-2020	38	2	3	0	10
2118	361626	1	2019-2020	38	2	4	2	19
2119	361626	3	2019-2020	38	2	4	4	50
2120	361626	5	2019-2020	38	2	4	2	6
2121	361626	6	2019-2020	38	2	4	1	4
2122	361626	7	2019-2020	38	2	4	1	1
2123	361626	1	2019-2020	38	2	5	0	7
2124	361626	3	2019-2020	38	2	5	7	19
2125	361626	4	2019-2020	38	2	5	1	3
2126	361626	5	2019-2020	38	2	5	0	3
2127	361626	6	2019-2020	38	2	5	0	3
2128	361626	7	2019-2020	38	2	5	0	1
2129	361626	1	2019-2020	38	6	3	1	8
2130	361626	5	2019-2020	38	6	3	0	3
2131	361626	1	2019-2020	38	6	4	2	23
2132	361626	3	2019-2020	38	6	4	10	155
2133	361626	4	2019-2020	38	6	4	1	0
2134	361626	5	2019-2020	38	6	4	1	27
2135	361626	7	2019-2020	38	6	4	1	5
2136	361626	1	2019-2020	38	6	5	0	3
2137	361626	3	2019-2020	38	6	5	2	78
2138	361626	4	2019-2020	38	6	5	0	3
2139	361626	5	2019-2020	38	6	5	1	3
2140	361626	6	2019-2020	38	6	5	0	1
2141	361626	1	2019-2020	38	7	3	1	0
2142	361626	1	2019-2020	38	7	4	1	3
2143	361626	3	2019-2020	38	7	4	0	2
2144	361626	1	2019-2020	38	7	5	1	1
2145	361626	3	2019-2020	38	7	5	2	2
2146	361626	6	2019-2020	38	11	4	2	5
2147	361626	6	2019-2020	38	11	5	19	20
2148	361626	1	2019-2020	39	6	3	1	1
2149	361626	5	2019-2020	39	6	3	1	5
2150	361626	1	2019-2020	39	6	4	2	6
2151	361626	3	2019-2020	39	6	4	11	90
2152	361626	5	2019-2020	39	6	4	19	24
2153	361626	6	2019-2020	39	6	4	0	1
2154	361626	1	2019-2020	39	6	5	3	6
2155	361626	3	2019-2020	39	6	5	22	138
2156	361626	4	2019-2020	39	6	5	2	4
2157	361626	5	2019-2020	39	6	5	4	28
2158	361626	6	2019-2020	39	6	5	0	1
2159	361626	7	2019-2020	39	6	5	0	3
2160	361626	1	2019-2020	39	6	6	1	1
2161	361626	3	2019-2020	39	6	6	1	2
2162	361626	7	2019-2020	39	6	6	0	1
2163	361626	3	2019-2020	39	6	7	1	2
2164	361626	5	2019-2020	39	6	7	1	0
2165	361626	6	2019-2020	39	6	7	0	1
2166	361626	3	2019-2020	62	5	4	0	1
2167	361626	5	2019-2020	62	5	4	0	1
2168	361626	3	2019-2020	62	5	5	4	11
2169	361626	4	2019-2020	62	5	5	2	2
2170	361626	5	2019-2020	62	5	5	1	0
2171	361626	8	2019-2020	62	5	5	0	1
2172	361626	4	2019-2020	62	5	7	0	1
2173	361626	3	2019-2020	63	2	5	2	3
2174	361626	3	2019-2020	64	6	4	0	4
2175	361626	3	2019-2020	64	6	5	0	5
2176	361626	4	2019-2020	64	6	5	0	4
2177	362801	6	2019-2020	10	11	5	5	7
2178	362801	5	2019-2020	14	7	3	0	1
2179	362801	1	2019-2020	14	7	4	0	2
2180	362801	3	2019-2020	14	7	4	0	6
2181	362801	3	2019-2020	14	7	5	0	1
2182	362801	4	2019-2020	14	7	5	0	1
2183	362801	1	2019-2020	33	1	3	9	3
2184	362801	1	2019-2020	33	1	4	4	2
2185	362801	3	2019-2020	33	1	4	10	21
2186	362801	1	2019-2020	33	1	5	1	1
2187	362801	3	2019-2020	33	1	5	19	11
2188	362801	4	2019-2020	33	1	5	1	0
2189	362801	1	2019-2020	33	2	4	1	4
2190	362801	3	2019-2020	33	2	4	9	25
2191	362801	1	2019-2020	33	2	5	1	0
2192	362801	3	2019-2020	33	2	5	6	10
2193	362801	4	2019-2020	33	2	5	0	1
2194	362801	1	2019-2020	33	7	3	0	1
2195	362801	1	2019-2020	33	7	4	1	1
2196	362801	3	2019-2020	33	7	4	13	10
2197	362801	3	2019-2020	33	7	5	27	8
2198	362801	4	2019-2020	33	7	5	5	2
2199	362801	1	2019-2020	38	2	3	0	2
2200	362801	5	2019-2020	38	2	3	0	3
2201	362801	7	2019-2020	38	2	3	1	0
2202	362801	3	2019-2020	38	2	4	1	1
2203	362801	7	2019-2020	38	2	4	1	0
2204	362801	4	2019-2020	38	2	5	1	0
2205	362801	1	2019-2020	38	6	3	0	1
2206	362801	1	2019-2020	38	6	4	1	1
2207	362801	3	2019-2020	38	6	4	5	8
2208	362801	5	2019-2020	38	6	4	0	1
2209	362801	3	2019-2020	38	6	5	6	1
2210	362802	6	2019-2020	10	11	4	1	1
2211	362802	6	2019-2020	10	11	5	10	1
2212	362802	1	2019-2020	11	1	3	1	1
2213	362802	1	2019-2020	11	1	4	1	0
2214	362802	3	2019-2020	11	1	4	1	0
2215	362802	3	2019-2020	14	5	4	0	2
2216	362802	5	2019-2020	14	5	4	0	1
2217	362802	3	2019-2020	14	5	5	0	7
2218	362802	4	2019-2020	14	5	5	0	1
2219	362802	5	2019-2020	14	5	5	0	3
2220	362802	1	2019-2020	24	6	4	0	1
2221	362802	3	2019-2020	24	6	5	7	7
2222	362802	5	2019-2020	24	6	5	1	0
2223	362802	4	2019-2020	24	6	6	1	0
2224	362802	1	2019-2020	30	2	3	0	1
2225	362802	1	2019-2020	30	2	4	0	1
2226	362802	3	2019-2020	30	2	5	0	2
2227	362802	1	2019-2020	33	1	3	8	7
2228	362802	1	2019-2020	33	1	4	10	15
2229	362802	3	2019-2020	33	1	4	14	20
2230	362802	1	2019-2020	33	1	5	5	5
2231	362802	3	2019-2020	33	1	5	25	17
2232	362802	1	2019-2020	33	2	3	0	1
2233	362802	1	2019-2020	33	2	4	3	4
2234	362802	3	2019-2020	33	2	4	4	6
2235	362802	4	2019-2020	33	2	4	0	1
2236	362802	1	2019-2020	33	2	5	0	2
2237	362802	3	2019-2020	33	2	5	17	5
2238	362802	4	2019-2020	33	2	5	1	0
2239	362802	1	2019-2020	33	7	2	0	1
2240	362802	1	2019-2020	33	7	3	0	2
2241	362802	5	2019-2020	33	7	3	1	1
2242	362802	1	2019-2020	33	7	4	1	1
2243	362802	3	2019-2020	33	7	4	27	17
2244	362802	5	2019-2020	33	7	4	0	2
2245	362802	3	2019-2020	33	7	5	42	28
2246	362802	4	2019-2020	33	7	5	9	3
2247	362802	3	2019-2020	33	7	6	0	1
2248	362802	3	2019-2020	35	2	4	3	0
2249	362802	3	2019-2020	35	2	5	1	0
2250	362802	1	2019-2020	35	6	3	0	1
2251	362802	3	2019-2020	35	6	4	3	1
2252	362802	1	2019-2020	38	1	3	0	1
2253	362802	1	2019-2020	38	1	4	0	3
2254	362802	3	2019-2020	38	1	4	2	4
2255	362802	3	2019-2020	38	1	5	1	0
2256	362802	1	2019-2020	38	2	3	1	2
2257	362802	5	2019-2020	38	2	3	1	0
2258	362802	1	2019-2020	38	2	4	2	2
2259	362802	3	2019-2020	38	2	4	12	14
2260	362802	5	2019-2020	38	2	4	1	0
2261	362802	1	2019-2020	38	2	5	0	1
2262	362802	3	2019-2020	38	2	5	5	4
2263	362802	1	2019-2020	38	6	3	1	3
2264	362802	1	2019-2020	38	6	4	4	3
2265	362802	3	2019-2020	38	6	4	11	10
2266	362802	6	2019-2020	38	6	4	0	6
2267	362802	3	2019-2020	38	6	5	8	4
2268	362802	5	2019-2020	38	6	5	0	1
2269	362802	1	2019-2020	58	5	4	0	1
2270	362802	3	2019-2020	58	5	4	4	2
2271	362802	3	2019-2020	58	5	5	5	3
2272	362802	4	2019-2020	58	5	6	1	0
2273	362802	4	2019-2020	58	5	7	0	1
2274	362803	1	2019-2020	10	7	3	1	0
2275	362803	1	2019-2020	10	7	4	0	2
2276	362803	3	2019-2020	10	7	4	6	3
2277	362803	1	2019-2020	10	7	5	0	2
2278	362803	3	2019-2020	10	7	5	12	3
2279	362803	4	2019-2020	10	7	5	0	2
2280	362803	4	2019-2020	10	7	6	1	1
2281	362803	6	2019-2020	10	11	4	5	0
2282	362803	6	2019-2020	10	11	5	16	16
2283	362803	1	2019-2020	11	1	3	1	0
2284	362803	1	2019-2020	11	1	4	1	0
2285	362803	3	2019-2020	11	1	5	2	0
2286	362803	3	2019-2020	14	5	4	0	5
2287	362803	3	2019-2020	14	5	5	0	7
2288	362803	4	2019-2020	14	5	5	0	6
2289	362803	1	2019-2020	33	1	3	4	5
2290	362803	1	2019-2020	33	1	4	5	8
2291	362803	3	2019-2020	33	1	4	21	21
2292	362803	1	2019-2020	33	1	5	0	1
2293	362803	3	2019-2020	33	1	5	20	26
2294	362803	4	2019-2020	33	1	5	1	0
2295	362803	1	2019-2020	33	2	3	4	2
2296	362803	1	2019-2020	33	2	4	4	8
2297	362803	3	2019-2020	33	2	4	15	12
2298	362803	5	2019-2020	33	2	4	1	0
2299	362803	1	2019-2020	33	2	5	0	2
2300	362803	3	2019-2020	33	2	5	10	13
2301	362803	4	2019-2020	33	2	5	1	0
2302	362803	1	2019-2020	33	7	2	1	0
2303	362803	1	2019-2020	33	7	3	1	3
2304	362803	1	2019-2020	33	7	4	3	2
2305	362803	3	2019-2020	33	7	4	28	23
2306	362803	4	2019-2020	33	7	4	0	1
2307	362803	1	2019-2020	33	7	5	0	2
2308	362803	3	2019-2020	33	7	5	42	23
2309	362803	4	2019-2020	33	7	5	7	4
2310	362803	4	2019-2020	33	7	6	2	1
2311	362803	1	2019-2020	35	1	3	1	0
2312	362803	3	2019-2020	35	1	4	5	1
2313	362803	3	2019-2020	35	1	5	1	0
2314	362803	1	2019-2020	35	6	3	0	1
2315	362803	3	2019-2020	35	6	4	4	0
2316	362803	3	2019-2020	35	6	5	2	2
2317	362803	1	2019-2020	38	1	3	0	3
2318	362803	1	2019-2020	38	1	4	1	3
2319	362803	3	2019-2020	38	1	4	3	21
2320	362803	5	2019-2020	38	1	4	1	5
2321	362803	3	2019-2020	38	1	5	1	1
2322	362803	5	2019-2020	38	1	5	0	1
2323	362803	5	2019-2020	38	1	6	1	0
2324	362803	1	2019-2020	38	2	3	2	2
2325	362803	7	2019-2020	38	2	3	0	1
2326	362803	1	2019-2020	38	2	4	5	18
2327	362803	3	2019-2020	38	2	4	16	46
2328	362803	4	2019-2020	38	2	4	0	1
2329	362803	5	2019-2020	38	2	4	0	1
2330	362803	7	2019-2020	38	2	4	1	1
2331	362803	1	2019-2020	38	2	5	0	1
2332	362803	3	2019-2020	38	2	5	14	12
2333	362803	4	2019-2020	38	2	5	1	1
2334	362803	4	2019-2020	38	2	6	1	0
2335	362803	1	2019-2020	38	6	3	1	4
2336	362803	5	2019-2020	38	6	3	1	0
2337	362803	1	2019-2020	38	6	4	1	10
2338	362803	3	2019-2020	38	6	4	23	34
2339	362803	4	2019-2020	38	6	4	1	0
2340	362803	5	2019-2020	38	6	4	1	1
2341	362803	3	2019-2020	38	6	5	24	14
2342	362803	4	2019-2020	38	6	5	2	2
2343	362803	1	2019-2020	38	7	3	1	0
2344	362803	1	2019-2020	38	7	4	1	0
2345	362803	3	2019-2020	38	7	4	14	3
2346	362803	3	2019-2020	38	7	5	7	1
2347	362803	4	2019-2020	38	7	5	1	0
2348	362803	6	2019-2020	38	11	4	3	6
2349	362803	6	2019-2020	38	11	5	49	19
2350	362803	3	2019-2020	63	2	5	5	1
2351	362803	3	2019-2020	64	6	4	0	1
2352	362803	3	2019-2020	64	6	5	0	7
2353	362803	4	2019-2020	64	6	5	0	1
2354	362803	6	2019-2020	64	11	4	0	4
2355	362803	6	2019-2020	64	11	5	0	6
2356	362803	5	2019-2020	65	6	4	1	0
2357	362803	7	2019-2020	65	6	4	0	1
2358	362803	3	2019-2020	65	6	5	10	5
2359	362803	4	2019-2020	65	6	5	0	2
2360	362804	6	2019-2020	10	11	5	10	2
2361	362804	3	2019-2020	14	7	4	0	2
2362	362804	5	2019-2020	14	7	4	0	4
2363	362804	3	2019-2020	14	7	5	0	4
2364	362804	1	2019-2020	33	1	3	3	5
2365	362804	1	2019-2020	33	1	4	4	6
2366	362804	3	2019-2020	33	1	4	16	11
2367	362804	3	2019-2020	33	1	5	14	7
2368	362804	4	2019-2020	33	1	5	1	0
2369	362804	1	2019-2020	33	2	3	1	5
2370	362804	5	2019-2020	33	2	3	1	0
2371	362804	1	2019-2020	33	2	4	4	3
2372	362804	3	2019-2020	33	2	4	14	4
2373	362804	5	2019-2020	33	2	4	1	0
2374	362804	1	2019-2020	33	2	5	2	0
2375	362804	3	2019-2020	33	2	5	8	2
2376	362804	5	2019-2020	33	7	3	0	1
2377	362804	1	2019-2020	33	7	4	1	0
2378	362804	3	2019-2020	33	7	4	15	7
2379	362804	5	2019-2020	33	7	4	2	1
2380	362804	1	2019-2020	33	7	5	1	0
2381	362804	3	2019-2020	33	7	5	29	7
2382	362804	4	2019-2020	33	7	5	4	1
2383	362804	5	2019-2020	33	7	5	3	1
2384	362804	4	2019-2020	33	7	7	1	0
2385	362804	1	2019-2020	38	2	4	2	0
2386	362804	3	2019-2020	38	2	4	8	1
2387	362804	5	2019-2020	38	2	4	0	2
2388	362804	3	2019-2020	38	2	5	2	0
2389	362804	5	2019-2020	64	6	4	0	1
2390	362804	3	2019-2020	64	6	5	0	1
2391	362804	4	2019-2020	64	6	5	0	3
2392	362805	3	2019-2020	14	7	4	0	6
2393	362805	3	2019-2020	14	7	5	0	2
2394	362805	1	2019-2020	33	1	3	1	1
2395	362805	1	2019-2020	33	1	4	3	7
2396	362805	3	2019-2020	33	1	4	3	3
2397	362805	1	2019-2020	33	1	5	1	0
2398	362805	3	2019-2020	33	1	5	4	0
2399	362805	1	2019-2020	33	2	3	1	4
2400	362805	1	2019-2020	33	2	4	3	5
2401	362805	3	2019-2020	33	2	4	4	7
2402	362805	1	2019-2020	33	2	5	0	1
2403	362805	3	2019-2020	33	2	5	9	3
2404	362805	4	2019-2020	33	2	5	0	1
2405	362805	1	2019-2020	33	6	3	0	1
2406	362805	1	2019-2020	33	6	4	0	2
2407	362805	3	2019-2020	33	6	4	3	0
2408	362805	3	2019-2020	33	6	5	0	1
2409	362805	3	2019-2020	33	7	4	4	0
2410	362805	3	2019-2020	33	7	5	8	3
2411	362805	5	2019-2020	33	7	5	1	0
2412	362805	1	2019-2020	38	2	3	1	1
2413	362805	1	2019-2020	38	2	4	1	1
2414	362805	3	2019-2020	38	2	4	2	2
2415	362805	3	2019-2020	38	2	5	2	3
2416	362805	1	2019-2020	38	6	3	1	1
2417	362805	1	2019-2020	38	6	4	0	1
2418	362805	3	2019-2020	38	6	4	0	5
2419	362805	5	2019-2020	38	6	4	0	1
2420	362805	3	2019-2020	38	6	5	4	3
2421	362805	3	2019-2020	64	6	4	0	3
2422	362805	3	2019-2020	64	6	5	0	11
2423	362805	5	2019-2020	64	6	5	0	1
2424	362806	6	2019-2020	10	11	5	9	6
2425	362806	1	2019-2020	11	1	4	2	0
2426	362806	1	2019-2020	14	5	4	0	1
2427	362806	3	2019-2020	14	5	4	0	2
2428	362806	5	2019-2020	14	5	4	0	1
2429	362806	3	2019-2020	14	5	5	0	13
2430	362806	3	2019-2020	24	6	4	0	1
2431	362806	3	2019-2020	24	6	5	0	7
2432	362806	1	2019-2020	33	1	3	5	6
2433	362806	1	2019-2020	33	1	4	13	14
2434	362806	3	2019-2020	33	1	4	12	11
2435	362806	1	2019-2020	33	1	5	1	2
2436	362806	3	2019-2020	33	1	5	13	8
2437	362806	4	2019-2020	33	1	5	0	1
2438	362806	1	2019-2020	33	2	3	0	3
2439	362806	1	2019-2020	33	2	4	0	2
2440	362806	3	2019-2020	33	2	4	10	4
2441	362806	1	2019-2020	33	2	5	1	0
2442	362806	3	2019-2020	33	2	5	3	3
2443	362806	1	2019-2020	33	7	4	1	2
2444	362806	3	2019-2020	33	7	4	12	9
2445	362806	3	2019-2020	33	7	5	23	10
2446	362806	4	2019-2020	33	7	5	6	0
2447	362806	5	2019-2020	33	7	5	0	1
2448	362806	3	2019-2020	33	7	6	1	0
2449	362806	1	2019-2020	38	2	3	1	2
2450	362806	3	2019-2020	38	2	4	5	6
2451	362806	1	2019-2020	38	2	5	1	0
2452	362806	3	2019-2020	38	2	5	2	1
2453	362806	1	2019-2020	38	6	3	1	2
2454	362806	1	2019-2020	38	6	4	0	6
2455	362806	3	2019-2020	38	6	4	2	1
2456	362806	3	2019-2020	38	6	5	2	1
2457	362806	1	2019-2020	39	2	4	0	1
2458	362806	3	2019-2020	39	2	4	2	4
2459	362806	7	2019-2020	39	2	4	1	0
2460	362806	1	2019-2020	39	2	5	1	0
2461	362806	3	2019-2020	39	2	5	2	2
2462	362806	3	2019-2020	62	5	4	2	0
2463	362806	5	2019-2020	62	5	4	1	0
2464	362806	3	2019-2020	62	5	5	5	7
2465	362806	4	2019-2020	62	5	5	1	0
2466	362806	5	2019-2020	62	5	5	0	1
2467	362806	3	2019-2020	62	5	6	1	0
2468	362806	3	2019-2020	62	5	7	1	0
2469	362807	1	2019-2020	11	2	4	1	0
2470	362807	3	2019-2020	14	7	4	0	3
2471	362807	3	2019-2020	14	7	5	0	3
2472	362807	1	2019-2020	33	1	3	2	3
2473	362807	1	2019-2020	33	1	4	3	1
2474	362807	3	2019-2020	33	1	4	3	1
2475	362807	1	2019-2020	33	1	5	0	1
2476	362807	3	2019-2020	33	1	5	5	3
2477	362807	1	2019-2020	33	2	3	1	0
2478	362807	1	2019-2020	33	2	4	2	2
2479	362807	3	2019-2020	33	2	4	2	3
2480	362807	3	2019-2020	33	2	5	3	1
2481	362807	1	2019-2020	33	7	4	1	0
2482	362807	3	2019-2020	33	7	4	6	2
2483	362807	3	2019-2020	33	7	5	9	5
2484	362807	4	2019-2020	33	7	5	1	1
2485	362807	3	2019-2020	33	7	7	0	1
2486	362807	1	2019-2020	35	1	4	2	0
2487	362807	5	2019-2020	38	1	3	0	1
2488	362807	3	2019-2020	38	1	4	2	3
2489	362807	3	2019-2020	38	2	4	1	0
2490	362807	3	2019-2020	38	2	5	5	1
2491	362807	5	2019-2020	38	6	3	0	2
2492	362807	1	2019-2020	38	6	4	0	1
2493	362807	3	2019-2020	38	6	4	5	2
2494	362807	5	2019-2020	38	6	4	1	3
2495	362807	3	2019-2020	38	6	5	0	1
2496	362807	5	2019-2020	38	6	5	0	1
2497	362808	6	2019-2020	10	11	5	10	2
2498	362808	5	2019-2020	14	7	3	0	2
2499	362808	3	2019-2020	14	7	4	0	5
2500	362808	7	2019-2020	14	7	4	0	1
2501	362808	3	2019-2020	14	7	5	0	2
2502	362808	1	2019-2020	24	6	3	0	1
2503	362808	1	2019-2020	24	6	4	0	1
2504	362808	3	2019-2020	24	6	4	0	2
2505	362808	1	2019-2020	24	6	5	0	1
2506	362808	3	2019-2020	24	6	5	0	5
2507	362808	5	2019-2020	24	6	5	0	1
2508	362808	1	2019-2020	33	1	3	9	4
2509	362808	1	2019-2020	33	1	4	13	5
2510	362808	3	2019-2020	33	1	4	12	7
2511	362808	7	2019-2020	33	1	4	1	0
2512	362808	1	2019-2020	33	1	5	1	2
2513	362808	3	2019-2020	33	1	5	4	4
2514	362808	1	2019-2020	33	2	3	1	2
2515	362808	1	2019-2020	33	2	4	4	2
2516	362808	3	2019-2020	33	2	4	5	3
2517	362808	1	2019-2020	33	2	5	1	0
2518	362808	3	2019-2020	33	2	5	4	2
2519	362808	5	2019-2020	33	2	5	1	0
2520	362808	5	2019-2020	33	7	3	0	1
2521	362808	3	2019-2020	33	7	4	18	6
2522	362808	5	2019-2020	33	7	4	4	3
2523	362808	1	2019-2020	33	7	5	1	0
2524	362808	3	2019-2020	33	7	5	26	14
2525	362808	4	2019-2020	33	7	5	2	0
2526	362808	4	2019-2020	33	7	7	1	0
2527	362808	1	2019-2020	38	2	3	0	1
2528	362808	5	2019-2020	38	2	3	0	1
2529	362808	3	2019-2020	38	2	4	7	3
2530	362808	4	2019-2020	38	2	4	0	2
2531	362808	5	2019-2020	38	2	4	0	6
2532	362808	1	2019-2020	38	2	5	1	0
2533	362808	3	2019-2020	38	2	5	7	1
2534	362808	4	2019-2020	38	2	5	1	0
2535	362808	5	2019-2020	38	2	5	0	1
2536	362808	1	2019-2020	38	6	4	0	1
2537	362808	3	2019-2020	38	6	4	3	2
2538	362808	5	2019-2020	38	6	5	1	0
2539	362808	7	2019-2020	38	6	5	1	0
2540	362809	7	2019-2020	10	7	3	1	0
2541	362809	3	2019-2020	10	7	4	6	0
2542	362809	4	2019-2020	10	7	4	0	1
2543	362809	3	2019-2020	10	7	5	9	8
2544	362809	4	2019-2020	10	7	5	1	0
2545	362809	6	2019-2020	10	11	4	4	0
2546	362809	6	2019-2020	10	11	5	16	1
2547	362809	5	2019-2020	14	7	3	0	1
2548	362809	3	2019-2020	14	7	5	0	7
2549	362809	5	2019-2020	14	7	5	0	1
2550	362809	3	2019-2020	24	6	4	3	0
2551	362809	3	2019-2020	24	6	5	9	1
2552	362809	6	2019-2020	24	11	5	11	2
2553	362809	7	2019-2020	27	3	3	0	1
2554	362809	3	2019-2020	27	3	4	0	2
2555	362809	7	2019-2020	27	3	4	0	1
2556	362809	3	2019-2020	27	3	5	1	15
2557	362809	1	2019-2020	29	6	3	2	1
2558	362809	3	2019-2020	29	6	4	0	1
2559	362809	3	2019-2020	29	6	5	0	5
2560	362809	4	2019-2020	29	6	5	1	0
2561	362809	1	2019-2020	33	1	3	9	5
2562	362809	1	2019-2020	33	1	4	6	8
2563	362809	3	2019-2020	33	1	4	15	16
2564	362809	4	2019-2020	33	1	4	1	0
2565	362809	1	2019-2020	33	1	5	0	2
2566	362809	3	2019-2020	33	1	5	22	18
2567	362809	4	2019-2020	33	1	5	1	1
2568	362809	1	2019-2020	33	2	3	1	6
2569	362809	1	2019-2020	33	2	4	2	1
2570	362809	3	2019-2020	33	2	4	11	4
2571	362809	3	2019-2020	33	2	5	15	7
2572	362809	4	2019-2020	33	2	5	1	0
2573	362809	5	2019-2020	33	2	5	0	1
2574	362809	3	2019-2020	33	2	6	1	0
2575	362809	1	2019-2020	33	7	3	1	0
2576	362809	7	2019-2020	33	7	3	1	3
2577	362809	3	2019-2020	33	7	4	15	16
2578	362809	4	2019-2020	33	7	4	1	0
2579	362809	3	2019-2020	33	7	5	42	32
2580	362809	4	2019-2020	33	7	5	2	1
2581	362809	3	2019-2020	35	2	4	0	1
2582	362809	1	2019-2020	38	2	4	1	0
2583	362809	3	2019-2020	38	2	4	5	6
2584	362809	5	2019-2020	38	2	4	1	1
2585	362809	7	2019-2020	38	2	4	0	1
2586	362809	3	2019-2020	38	2	5	2	5
2587	362809	1	2019-2020	38	6	3	2	10
2588	362809	5	2019-2020	38	6	3	1	0
2589	362809	7	2019-2020	38	6	3	1	0
2590	362809	1	2019-2020	38	6	4	1	15
2591	362809	3	2019-2020	38	6	4	41	43
2592	362809	4	2019-2020	38	6	4	3	0
2593	362809	5	2019-2020	38	6	4	2	3
2594	362809	7	2019-2020	38	6	4	1	0
2595	362809	1	2019-2020	38	6	5	1	0
2596	362809	3	2019-2020	38	6	5	35	24
2597	362809	4	2019-2020	38	6	5	4	0
2598	362809	5	2019-2020	38	6	5	1	0
2599	362809	6	2019-2020	38	11	4	4	7
2600	362809	6	2019-2020	38	11	5	63	10
2601	362809	5	2019-2020	64	6	2	0	1
2602	362809	5	2019-2020	64	6	3	1	0
2603	362809	3	2019-2020	64	6	4	0	6
2604	362809	3	2019-2020	64	6	5	0	7
2605	362809	4	2019-2020	64	6	5	0	1
2606	362809	6	2019-2020	64	11	5	2	12
2607	362809	7	2019-2020	65	6	4	0	1
2608	362809	3	2019-2020	65	6	5	0	16
2609	362809	1	2019-2020	98	1	4	0	2
2610	362809	3	2019-2020	98	1	4	0	2
2611	362809	3	2019-2020	98	1	5	2	1
2612	362810	1	2019-2020	14	5	4	0	2
2613	362810	3	2019-2020	14	5	4	0	2
2614	362810	3	2019-2020	14	5	5	0	11
2615	362810	4	2019-2020	14	5	5	0	1
2616	362810	5	2019-2020	14	5	5	0	1
2617	362810	1	2019-2020	24	3	4	0	1
2618	362810	3	2019-2020	24	3	4	0	2
2619	362810	3	2019-2020	24	3	5	0	10
2620	362810	5	2019-2020	24	3	5	0	1
2621	362810	1	2019-2020	33	1	3	3	6
2622	362810	5	2019-2020	33	1	3	1	1
2623	362810	1	2019-2020	33	1	4	5	5
2624	362810	3	2019-2020	33	1	4	10	9
2625	362810	1	2019-2020	33	1	5	0	2
2626	362810	3	2019-2020	33	1	5	7	6
2627	362810	3	2019-2020	33	1	7	1	0
2628	362810	1	2019-2020	33	2	3	2	2
2629	362810	5	2019-2020	33	2	3	1	0
2630	362810	1	2019-2020	33	2	4	4	6
2631	362810	3	2019-2020	33	2	4	14	5
2632	362810	5	2019-2020	33	2	4	1	0
2633	362810	3	2019-2020	33	2	5	17	5
2634	362810	4	2019-2020	33	2	5	2	0
2635	362810	1	2019-2020	33	6	3	4	0
2636	362810	3	2019-2020	33	6	4	8	2
2637	362810	1	2019-2020	33	6	5	0	1
2638	362810	3	2019-2020	33	6	5	4	2
2639	362810	1	2019-2020	33	7	4	1	0
2640	362810	3	2019-2020	33	7	4	16	7
2641	362810	4	2019-2020	33	7	4	1	0
2642	362810	5	2019-2020	33	7	4	4	1
2643	362810	3	2019-2020	33	7	5	32	8
2644	362810	4	2019-2020	33	7	5	5	0
2645	362810	4	2019-2020	33	7	7	1	0
2646	362810	3	2019-2020	35	1	4	4	0
2647	362810	1	2019-2020	38	1	4	1	0
2648	362810	3	2019-2020	38	1	4	5	11
2649	362810	5	2019-2020	38	1	4	1	1
2650	362810	1	2019-2020	38	1	5	1	0
2651	362810	3	2019-2020	38	1	5	3	3
2652	362810	1	2019-2020	38	2	3	1	0
2653	362810	3	2019-2020	38	2	4	2	2
2654	362810	3	2019-2020	38	2	5	1	0
2655	362810	1	2019-2020	38	6	4	1	2
2656	362810	3	2019-2020	38	6	4	17	5
2657	362810	5	2019-2020	38	6	4	1	0
2658	362810	3	2019-2020	38	6	5	2	0
2659	362810	3	2019-2020	38	7	5	11	3
2660	362810	4	2019-2020	38	7	5	1	0
2661	362810	6	2019-2020	38	11	4	1	0
2662	362810	6	2019-2020	38	11	5	12	3
2663	362810	3	2019-2020	64	6	4	0	1
2664	362810	5	2019-2020	64	6	4	0	1
2665	362810	3	2019-2020	64	6	5	4	1
2666	362810	4	2019-2020	64	6	5	1	0
2667	362811	1	2019-2020	11	1	3	0	1
2668	362811	1	2019-2020	11	1	5	1	0
2669	362811	3	2019-2020	11	1	7	1	0
2670	362811	1	2019-2020	14	7	4	0	1
2671	362811	3	2019-2020	14	7	4	0	1
2672	362811	5	2019-2020	14	7	4	0	1
2673	362811	1	2019-2020	14	7	5	0	1
2674	362811	3	2019-2020	14	7	5	0	4
2675	362811	4	2019-2020	14	7	5	0	1
2676	362811	5	2019-2020	14	7	5	0	1
2677	362811	1	2019-2020	33	1	3	4	3
2678	362811	1	2019-2020	33	1	4	5	5
2679	362811	3	2019-2020	33	1	4	14	6
2680	362811	7	2019-2020	33	1	4	1	0
2681	362811	1	2019-2020	33	1	5	1	0
2682	362811	3	2019-2020	33	1	5	7	4
2683	362811	1	2019-2020	33	2	3	3	2
2684	362811	7	2019-2020	33	2	3	0	1
2685	362811	1	2019-2020	33	2	4	2	3
2686	362811	3	2019-2020	33	2	4	7	5
2687	362811	1	2019-2020	33	2	5	1	0
2688	362811	3	2019-2020	33	2	5	6	2
2689	362811	1	2019-2020	33	7	3	0	1
2690	362811	1	2019-2020	33	7	4	1	0
2691	362811	3	2019-2020	33	7	4	8	4
2692	362811	3	2019-2020	33	7	5	17	3
2693	362811	4	2019-2020	33	7	5	4	0
2694	362811	1	2019-2020	38	1	3	0	3
2695	362811	1	2019-2020	38	1	4	1	1
2696	362811	3	2019-2020	38	1	4	1	0
2697	362811	1	2019-2020	38	2	3	1	0
2698	362811	1	2019-2020	38	2	4	1	0
2699	362811	3	2019-2020	38	2	4	3	5
2700	362811	5	2019-2020	38	2	4	0	1
2701	362811	3	2019-2020	38	2	5	2	0
2702	362811	3	2019-2020	64	6	4	0	4
2703	362811	5	2019-2020	64	6	4	0	1
2704	362811	3	2019-2020	64	6	5	0	6
2705	362811	4	2019-2020	64	6	5	1	0
2706	362812	1	2019-2020	10	7	4	0	1
2707	362812	3	2019-2020	10	7	4	2	3
2708	362812	3	2019-2020	10	7	5	9	2
2709	362812	4	2019-2020	10	7	5	3	0
2710	362812	6	2019-2020	10	11	4	1	1
2711	362812	6	2019-2020	10	11	5	23	9
2712	362812	1	2019-2020	11	1	3	0	2
2713	362812	1	2019-2020	11	1	4	3	2
2714	362812	3	2019-2020	11	1	4	1	0
2715	362812	3	2019-2020	11	1	5	1	0
2716	362812	7	2019-2020	14	7	3	0	1
2717	362812	3	2019-2020	14	7	4	0	4
2718	362812	3	2019-2020	14	7	5	0	6
2719	362812	1	2019-2020	24	6	4	1	0
2720	362812	3	2019-2020	24	6	4	1	0
2721	362812	3	2019-2020	24	6	5	10	3
2722	362812	5	2019-2020	24	6	5	0	1
2723	362812	6	2019-2020	24	11	5	9	0
2724	362812	3	2019-2020	27	6	4	0	6
2725	362812	3	2019-2020	27	6	5	2	9
2726	362812	5	2019-2020	27	6	5	1	0
2727	362812	1	2019-2020	29	6	3	3	0
2728	362812	3	2019-2020	29	6	4	6	4
2729	362812	3	2019-2020	29	6	5	9	1
2730	362812	1	2019-2020	31	1	3	1	2
2731	362812	1	2019-2020	31	1	4	0	1
2732	362812	1	2019-2020	33	1	3	4	13
2733	362812	1	2019-2020	33	1	4	4	4
2734	362812	3	2019-2020	33	1	4	20	8
2735	362812	5	2019-2020	33	1	4	1	0
2736	362812	1	2019-2020	33	1	5	1	0
2737	362812	3	2019-2020	33	1	5	15	10
2738	362812	1	2019-2020	33	2	3	2	5
2739	362812	1	2019-2020	33	2	4	0	4
2740	362812	3	2019-2020	33	2	4	10	6
2741	362812	5	2019-2020	33	2	4	1	0
2742	362812	1	2019-2020	33	2	5	1	0
2743	362812	3	2019-2020	33	2	5	16	10
2744	362812	4	2019-2020	33	2	5	1	0
2745	362812	3	2019-2020	33	2	6	1	0
2746	362812	1	2019-2020	33	6	3	1	0
2747	362812	3	2019-2020	33	6	4	5	2
2748	362812	3	2019-2020	33	6	5	2	1
2749	362812	1	2019-2020	33	7	4	1	2
2750	362812	3	2019-2020	33	7	4	11	13
2751	362812	5	2019-2020	33	7	4	1	0
2752	362812	3	2019-2020	33	7	5	15	14
2753	362812	4	2019-2020	33	7	5	3	3
2754	362812	7	2019-2020	33	7	5	0	1
2755	362812	4	2019-2020	33	7	6	1	0
2756	362812	1	2019-2020	38	2	3	2	11
2757	362812	5	2019-2020	38	2	3	0	1
2758	362812	7	2019-2020	38	2	3	1	1
2759	362812	1	2019-2020	38	2	4	0	6
2760	362812	3	2019-2020	38	2	4	4	11
2761	362812	7	2019-2020	38	2	4	1	1
2762	362812	3	2019-2020	38	2	5	2	6
2763	362812	7	2019-2020	38	2	7	1	0
2764	362812	1	2019-2020	38	6	3	3	18
2765	362812	5	2019-2020	38	6	3	0	1
2766	362812	1	2019-2020	38	6	4	3	11
2767	362812	3	2019-2020	38	6	4	38	40
2768	362812	5	2019-2020	38	6	4	2	0
2769	362812	7	2019-2020	38	6	4	3	0
2770	362812	1	2019-2020	38	6	5	0	4
2771	362812	3	2019-2020	38	6	5	53	14
2772	362812	4	2019-2020	38	6	5	1	0
2773	362812	6	2019-2020	38	11	4	7	4
2774	362812	6	2019-2020	38	11	5	53	2
2775	362812	3	2019-2020	65	6	4	1	1
2776	362812	8	2019-2020	65	6	4	1	0
2777	362812	1	2019-2020	65	6	5	0	1
2778	362812	3	2019-2020	65	6	5	9	7
2779	362813	1	2019-2020	10	1	3	2	1
2780	362813	1	2019-2020	10	1	4	2	2
2781	362813	3	2019-2020	10	1	4	1	2
2782	362813	3	2019-2020	10	1	5	2	1
2783	362813	3	2019-2020	10	7	4	13	7
2784	362813	4	2019-2020	10	7	4	1	0
2785	362813	5	2019-2020	10	7	4	0	1
2786	362813	3	2019-2020	10	7	5	8	1
2787	362813	4	2019-2020	10	7	5	1	0
2788	362813	6	2019-2020	10	11	5	11	0
2789	362813	7	2019-2020	14	5	3	0	1
2790	362813	5	2019-2020	14	5	4	0	1
2791	362813	3	2019-2020	14	5	5	0	8
2792	362813	3	2019-2020	24	6	4	1	8
2793	362813	5	2019-2020	24	6	4	0	1
2794	362813	3	2019-2020	24	6	5	1	9
2795	362813	6	2019-2020	24	11	5	2	6
2796	362813	3	2019-2020	27	6	4	5	1
2797	362813	5	2019-2020	27	6	4	2	0
2798	362813	3	2019-2020	27	6	5	16	5
2799	362813	1	2019-2020	29	2	4	0	1
2800	362813	1	2019-2020	29	6	3	3	1
2801	362813	1	2019-2020	29	6	4	3	1
2802	362813	3	2019-2020	29	6	4	8	3
2803	362813	3	2019-2020	29	6	5	1	2
2804	362813	4	2019-2020	29	6	5	0	1
2805	362813	1	2019-2020	30	2	3	0	1
2806	362813	3	2019-2020	30	2	5	0	2
2807	362813	1	2019-2020	31	1	3	2	3
2808	362813	1	2019-2020	31	1	4	2	0
2809	362813	3	2019-2020	31	1	4	0	1
2810	362813	1	2019-2020	33	1	3	4	6
2811	362813	1	2019-2020	33	1	4	11	7
2812	362813	3	2019-2020	33	1	4	13	7
2813	362813	3	2019-2020	33	1	5	8	2
2814	362813	1	2019-2020	33	2	4	3	1
2815	362813	3	2019-2020	33	2	4	5	2
2816	362813	7	2019-2020	33	2	4	1	0
2817	362813	3	2019-2020	33	2	5	3	0
2818	362813	3	2019-2020	33	7	4	8	12
2819	362813	3	2019-2020	33	7	5	8	1
2820	362813	4	2019-2020	33	7	6	1	0
2821	362813	1	2019-2020	38	1	4	0	1
2822	362813	3	2019-2020	38	1	4	0	2
2823	362813	1	2019-2020	38	2	3	0	4
2824	362813	1	2019-2020	38	2	4	2	3
2825	362813	3	2019-2020	38	2	4	11	12
2826	362813	4	2019-2020	38	2	4	0	1
2827	362813	5	2019-2020	38	2	4	0	1
2828	362813	3	2019-2020	38	2	5	5	5
2829	362813	4	2019-2020	38	2	5	2	0
2830	362813	3	2019-2020	38	7	4	2	2
2831	362813	3	2019-2020	38	7	5	5	0
2832	362813	4	2019-2020	38	7	5	1	0
2833	362814	1	2019-2020	10	1	3	0	1
2834	362814	3	2019-2020	14	7	4	0	2
2835	362814	3	2019-2020	14	7	5	0	4
2836	362814	1	2019-2020	29	6	3	1	0
2837	362814	3	2019-2020	29	6	4	5	0
2838	362814	3	2019-2020	29	6	5	1	0
2839	362814	1	2019-2020	31	1	3	1	0
2840	362814	1	2019-2020	31	1	4	1	3
2841	362814	3	2019-2020	31	1	4	0	1
2842	362814	1	2019-2020	33	1	3	3	8
2843	362814	7	2019-2020	33	1	3	0	1
2844	362814	1	2019-2020	33	1	4	8	1
2845	362814	3	2019-2020	33	1	4	3	1
2846	362814	7	2019-2020	33	1	4	0	1
2847	362814	1	2019-2020	33	2	3	1	6
2848	362814	1	2019-2020	33	2	4	2	1
2849	362814	3	2019-2020	33	2	4	3	2
2850	362814	3	2019-2020	33	7	4	7	5
2851	362814	3	2019-2020	33	7	5	10	0
2852	362814	4	2019-2020	33	7	5	1	0
2853	362814	1	2019-2020	38	1	3	6	2
2854	362814	1	2019-2020	38	1	4	0	2
2855	362814	3	2019-2020	38	1	4	5	4
2856	362814	1	2019-2020	38	1	5	0	1
2857	362814	3	2019-2020	38	1	5	1	0
2858	362814	4	2019-2020	38	1	5	1	0
2859	362814	1	2019-2020	38	2	3	1	2
2860	362814	1	2019-2020	38	2	4	1	1
2861	362815	6	2019-2020	10	11	5	7	5
2862	362815	1	2019-2020	11	1	3	2	1
2863	362815	1	2019-2020	11	1	4	0	2
2864	362815	1	2019-2020	14	5	3	0	1
2865	362815	3	2019-2020	14	5	4	0	5
2866	362815	4	2019-2020	14	5	4	0	1
2867	362815	3	2019-2020	14	5	5	0	8
2868	362815	5	2019-2020	14	5	5	0	1
2869	362815	1	2019-2020	29	2	3	0	2
2870	362815	1	2019-2020	29	2	4	2	1
2871	362815	3	2019-2020	29	2	4	2	3
2872	362815	1	2019-2020	29	2	5	1	0
2873	362815	3	2019-2020	29	2	5	1	0
2874	362815	5	2019-2020	29	2	5	1	0
2875	362815	1	2019-2020	31	1	3	1	2
2876	362815	1	2019-2020	31	1	4	0	1
2877	362815	1	2019-2020	33	1	3	7	8
2878	362815	1	2019-2020	33	1	4	3	4
2879	362815	3	2019-2020	33	1	4	14	7
2880	362815	3	2019-2020	33	1	5	10	6
2881	362815	1	2019-2020	33	2	3	2	2
2882	362815	1	2019-2020	33	2	4	2	1
2883	362815	3	2019-2020	33	2	4	6	5
2884	362815	3	2019-2020	33	2	5	5	7
2885	362815	4	2019-2020	33	2	5	1	0
2886	362815	5	2019-2020	33	2	5	0	1
2887	362815	1	2019-2020	33	7	4	1	0
2888	362815	3	2019-2020	33	7	4	17	7
2889	362815	5	2019-2020	33	7	4	0	1
2890	362815	3	2019-2020	33	7	5	31	8
2891	362815	4	2019-2020	33	7	5	3	0
2892	362815	5	2019-2020	33	7	5	0	2
2893	362815	1	2019-2020	38	2	3	4	3
2894	362815	1	2019-2020	38	2	4	0	1
2895	362815	3	2019-2020	38	2	4	0	3
2896	362815	3	2019-2020	38	2	5	3	0
2897	362815	1	2019-2020	38	6	4	1	0
2898	362815	3	2019-2020	38	6	4	3	3
2899	362815	3	2019-2020	38	6	5	3	4
2900	362815	3	2019-2020	53	2	4	1	0
2901	362815	1	2019-2020	98	1	4	0	1
2902	362816	3	2019-2020	14	5	4	0	3
2903	362816	5	2019-2020	14	5	4	0	4
2904	362816	3	2019-2020	14	5	5	0	5
2905	362816	4	2019-2020	14	5	5	0	1
2906	362816	5	2019-2020	14	5	5	0	1
2907	362816	1	2019-2020	24	6	3	1	0
2908	362816	3	2019-2020	24	6	4	2	1
2909	362816	7	2019-2020	24	6	4	1	0
2910	362816	3	2019-2020	24	6	5	8	2
2911	362816	6	2019-2020	24	11	4	1	0
2912	362816	6	2019-2020	24	11	5	12	0
2913	362816	1	2019-2020	29	1	3	2	0
2914	362816	1	2019-2020	29	2	3	6	0
2915	362816	1	2019-2020	29	2	4	1	0
2916	362816	3	2019-2020	29	2	4	1	0
2917	362816	5	2019-2020	29	2	4	1	0
2918	362816	3	2019-2020	29	2	5	1	3
2919	362816	3	2019-2020	30	2	4	0	1
2920	362816	5	2019-2020	30	2	4	0	4
2921	362816	5	2019-2020	30	2	5	0	1
2922	362816	1	2019-2020	31	1	3	1	4
2923	362816	1	2019-2020	33	1	3	13	7
2924	362816	1	2019-2020	33	1	4	2	4
2925	362816	3	2019-2020	33	1	4	5	2
2926	362816	1	2019-2020	33	1	5	2	0
2927	362816	3	2019-2020	33	1	5	2	2
2928	362816	4	2019-2020	33	1	5	1	0
2929	362816	1	2019-2020	33	2	3	5	2
2930	362816	1	2019-2020	33	2	4	4	1
2931	362816	3	2019-2020	33	2	4	12	4
2932	362816	1	2019-2020	33	2	5	0	1
2933	362816	3	2019-2020	33	2	5	8	1
2934	362816	1	2019-2020	33	7	4	0	2
2935	362816	3	2019-2020	33	7	4	3	2
2936	362816	5	2019-2020	33	7	4	1	0
2937	362816	3	2019-2020	33	7	5	13	2
2938	362816	4	2019-2020	33	7	5	4	0
2939	362816	3	2019-2020	38	1	4	1	3
2940	362816	3	2019-2020	38	1	5	1	0
2941	362816	1	2019-2020	38	2	3	0	3
2942	362816	1	2019-2020	38	2	4	0	2
2943	362816	3	2019-2020	38	2	4	4	6
2944	362816	7	2019-2020	38	2	4	0	1
2945	362816	8	2019-2020	38	2	4	1	2
2946	362816	3	2019-2020	38	2	5	1	1
2947	362816	3	2019-2020	64	2	4	0	1
2948	362816	3	2019-2020	64	2	5	1	1
2949	362817	1	2019-2020	14	7	4	0	1
2950	362817	3	2019-2020	14	7	4	0	4
2951	362817	7	2019-2020	14	7	4	0	2
2952	362817	3	2019-2020	14	7	5	0	2
2953	362817	7	2019-2020	14	7	5	0	1
2954	362817	3	2019-2020	24	6	4	5	3
2955	362817	5	2019-2020	24	6	4	0	1
2956	362817	3	2019-2020	24	6	5	0	1
2957	362817	1	2019-2020	31	1	4	1	0
2958	362817	1	2019-2020	33	1	3	17	22
2959	362817	1	2019-2020	33	1	4	7	18
2960	362817	3	2019-2020	33	1	4	13	12
2961	362817	7	2019-2020	33	1	4	0	1
2962	362817	1	2019-2020	33	1	5	1	0
2963	362817	3	2019-2020	33	1	5	3	5
2964	362817	1	2019-2020	33	2	3	3	5
2965	362817	1	2019-2020	33	2	4	1	2
2966	362817	3	2019-2020	33	2	4	8	3
2967	362817	1	2019-2020	33	2	5	1	0
2968	362817	3	2019-2020	33	2	5	7	3
2969	362817	1	2019-2020	33	7	3	1	0
2970	362817	1	2019-2020	33	7	4	4	2
2971	362817	3	2019-2020	33	7	4	24	16
2972	362817	4	2019-2020	33	7	4	1	0
2973	362817	5	2019-2020	33	7	4	2	1
2974	362817	3	2019-2020	33	7	5	37	12
2975	362817	4	2019-2020	33	7	5	0	2
2976	362817	7	2019-2020	33	7	5	1	0
2977	362817	3	2019-2020	33	7	7	0	1
2978	362817	3	2019-2020	38	1	4	3	10
2979	362817	3	2019-2020	38	1	5	0	1
2980	362817	1	2019-2020	38	2	3	0	4
2981	362817	5	2019-2020	38	2	3	0	1
2982	362817	7	2019-2020	38	2	3	1	2
2983	362817	1	2019-2020	38	2	4	7	5
2984	362817	3	2019-2020	38	2	4	17	10
2985	362817	5	2019-2020	38	2	4	0	1
2986	362817	1	2019-2020	38	2	5	2	1
2987	362817	3	2019-2020	38	2	5	6	0
2988	362817	3	2019-2020	38	7	4	2	2
2989	362817	3	2019-2020	38	7	5	4	1
2990	362817	4	2019-2020	38	7	5	1	0
2991	362817	6	2019-2020	38	11	4	1	0
2992	362817	6	2019-2020	38	11	5	10	2
2993	362817	5	2019-2020	53	2	4	1	0
2994	362818	6	2019-2020	10	11	5	10	3
2995	362818	5	2019-2020	14	7	2	0	1
2996	362818	7	2019-2020	14	7	3	0	1
2997	362818	3	2019-2020	14	7	4	0	1
2998	362818	5	2019-2020	14	7	4	0	1
2999	362818	3	2019-2020	14	7	5	0	6
3000	362818	1	2019-2020	33	1	3	9	12
3001	362818	5	2019-2020	33	1	3	1	0
3002	362818	1	2019-2020	33	1	4	14	7
3003	362818	3	2019-2020	33	1	4	7	2
3004	362818	1	2019-2020	33	1	5	1	0
3005	362818	3	2019-2020	33	1	5	13	1
3006	362818	1	2019-2020	33	2	3	2	3
3007	362818	1	2019-2020	33	2	4	2	2
3008	362818	3	2019-2020	33	2	4	14	8
3009	362818	3	2019-2020	33	2	5	11	7
3010	362818	4	2019-2020	33	2	5	2	0
3011	362818	1	2019-2020	33	7	3	1	0
3012	362818	5	2019-2020	33	7	3	1	0
3013	362818	1	2019-2020	33	7	4	1	0
3014	362818	3	2019-2020	33	7	4	14	1
3015	362818	3	2019-2020	33	7	5	31	7
3016	362818	4	2019-2020	33	7	5	0	1
3017	362818	3	2019-2020	33	7	6	0	1
3018	362818	1	2019-2020	38	1	4	0	1
3019	362818	4	2019-2020	38	1	5	0	1
3020	362818	1	2019-2020	38	2	3	0	3
3021	362818	1	2019-2020	38	2	4	3	0
3022	362818	3	2019-2020	38	2	4	1	0
3023	362818	5	2019-2020	38	2	4	0	2
3024	362818	1	2019-2020	38	2	5	0	1
3025	362818	3	2019-2020	38	2	5	5	2
3026	362818	5	2019-2020	53	2	3	1	0
3027	362818	3	2019-2020	62	5	5	7	5
3028	362818	4	2019-2020	62	5	5	0	1
3029	362818	5	2019-2020	62	5	5	1	0
3030	362818	3	2019-2020	64	6	4	0	1
3031	362818	5	2019-2020	64	6	4	0	1
3032	362818	3	2019-2020	64	6	5	0	7
3033	362819	3	2019-2020	10	7	4	0	1
3034	362819	1	2019-2020	10	7	5	1	0
3035	362819	3	2019-2020	10	7	5	1	3
3036	362819	4	2019-2020	10	7	5	2	0
3037	362819	6	2019-2020	10	11	5	16	9
3038	362819	3	2019-2020	14	5	4	0	9
3039	362819	5	2019-2020	14	5	4	0	1
3040	362819	3	2019-2020	14	5	5	0	2
3041	362819	4	2019-2020	14	5	5	0	3
3042	362819	5	2019-2020	14	5	5	0	1
3043	362819	3	2019-2020	24	6	4	0	3
3044	362819	1	2019-2020	24	6	5	0	1
3045	362819	3	2019-2020	24	6	5	2	5
3046	362819	4	2019-2020	24	6	5	0	1
3047	362819	5	2019-2020	29	2	3	1	0
3048	362819	3	2019-2020	29	2	4	3	1
3049	362819	5	2019-2020	29	2	4	1	0
3050	362819	3	2019-2020	29	2	5	1	0
3051	362819	4	2019-2020	29	2	5	0	1
3052	362819	5	2019-2020	29	2	5	0	1
3053	362819	3	2019-2020	29	6	4	3	0
3054	362819	3	2019-2020	29	6	5	5	1
3055	362819	1	2019-2020	31	1	3	1	0
3056	362819	1	2019-2020	31	1	5	0	1
3057	362819	1	2019-2020	33	1	3	4	10
3058	362819	1	2019-2020	33	1	4	5	14
3059	362819	3	2019-2020	33	1	4	25	11
3060	362819	1	2019-2020	33	1	5	1	1
3061	362819	3	2019-2020	33	1	5	15	4
3062	362819	1	2019-2020	33	2	3	1	3
3063	362819	1	2019-2020	33	2	4	2	1
3064	362819	3	2019-2020	33	2	4	9	5
3065	362819	4	2019-2020	33	2	4	2	0
3066	362819	5	2019-2020	33	2	4	1	0
3067	362819	1	2019-2020	33	2	5	1	1
3068	362819	3	2019-2020	33	2	5	3	5
3069	362819	5	2019-2020	33	7	3	1	0
3070	362819	1	2019-2020	33	7	4	2	2
3071	362819	3	2019-2020	33	7	4	30	18
3072	362819	5	2019-2020	33	7	4	1	2
3073	362819	7	2019-2020	33	7	4	0	1
3074	362819	3	2019-2020	33	7	5	32	24
3075	362819	4	2019-2020	33	7	5	0	1
3076	362819	5	2019-2020	33	7	5	0	1
3077	362819	1	2019-2020	35	1	3	0	2
3078	362819	1	2019-2020	35	1	4	2	0
3079	362819	1	2019-2020	35	2	4	1	2
3080	362819	3	2019-2020	35	2	4	1	0
3081	362819	3	2019-2020	35	7	4	3	0
3082	362819	1	2019-2020	38	1	3	0	1
3083	362819	1	2019-2020	38	1	4	1	0
3084	362819	3	2019-2020	38	1	4	1	1
3085	362819	3	2019-2020	38	1	5	2	0
3086	362819	1	2019-2020	38	2	3	2	8
3087	362819	5	2019-2020	38	2	3	1	0
3088	362819	1	2019-2020	38	2	4	1	16
3089	362819	3	2019-2020	38	2	4	12	10
3090	362819	5	2019-2020	38	2	4	0	1
3091	362819	7	2019-2020	38	2	4	0	1
3092	362819	3	2019-2020	38	2	5	5	3
3093	362819	4	2019-2020	38	2	5	2	0
3094	362819	1	2019-2020	38	6	3	3	3
3095	362819	5	2019-2020	38	6	3	2	1
3096	362819	1	2019-2020	38	6	4	2	4
3097	362819	3	2019-2020	38	6	4	14	27
3098	362819	1	2019-2020	38	6	5	0	1
3099	362819	3	2019-2020	38	6	5	16	7
3100	362819	5	2019-2020	38	6	5	0	1
3101	362819	6	2019-2020	38	11	4	8	3
3102	362819	6	2019-2020	38	11	5	30	10
3103	362819	1	2019-2020	53	1	4	0	1
3104	362819	3	2019-2020	64	6	5	0	1
3105	362819	5	2019-2020	64	6	5	1	0
3106	362819	3	2019-2020	64	6	6	1	0
3107	362819	3	2019-2020	65	6	4	0	5
3108	362819	8	2019-2020	65	6	4	0	1
3109	362819	3	2019-2020	65	6	5	0	7
3110	362819	4	2019-2020	65	6	5	0	1
3111	362819	5	2019-2020	65	6	5	0	1
3112	362819	8	2019-2020	65	6	5	0	1
3113	362820	3	2019-2020	14	7	4	0	4
3114	362820	4	2019-2020	14	7	5	0	2
3115	362820	7	2019-2020	14	7	5	0	1
3116	362820	1	2019-2020	33	1	3	2	5
3117	362820	1	2019-2020	33	1	4	4	6
3118	362820	3	2019-2020	33	1	4	2	6
3119	362820	1	2019-2020	33	1	5	1	1
3120	362820	3	2019-2020	33	1	5	5	0
3121	362820	1	2019-2020	33	2	3	2	1
3122	362820	1	2019-2020	33	2	4	0	2
3123	362820	3	2019-2020	33	2	4	5	1
3124	362820	7	2019-2020	33	2	4	0	1
3125	362820	1	2019-2020	33	7	4	1	0
3126	362820	3	2019-2020	33	7	4	11	9
3127	362820	5	2019-2020	33	7	4	1	3
3128	362820	1	2019-2020	33	7	5	1	0
3129	362820	3	2019-2020	33	7	5	15	10
3130	362820	4	2019-2020	33	7	5	1	0
3131	362820	3	2019-2020	35	1	4	0	1
3132	362820	1	2019-2020	38	2	3	0	1
3133	362820	1	2019-2020	38	2	4	1	2
3134	362820	3	2019-2020	38	2	4	3	1
3135	362820	3	2019-2020	38	2	5	1	0
3136	362820	1	2019-2020	38	6	3	0	2
3137	362820	1	2019-2020	38	6	4	2	3
3138	362820	3	2019-2020	38	6	4	1	5
3139	362820	3	2019-2020	38	6	5	7	1
\.


--
-- Name: teaching_staff_id_seq; Type: SEQUENCE SET; Schema: public; Owner: postgres
--

SELECT pg_catalog.setval('public.teaching_staff_id_seq', 3139, true);


--
-- Name: academic_qualification academic_qualification_pkey; Type: CONSTRAINT; Schema: public; Owner: postgres
--

ALTER TABLE ONLY public.academic_qualification
    ADD CONSTRAINT academic_qualification_pkey PRIMARY KEY (id);


--
-- Name: block block_pkey; Type: CONSTRAINT; Schema: public; Owner: postgres
--

ALTER TABLE ONLY public.block
    ADD CONSTRAINT block_pkey PRIMARY KEY (id);


--
-- Name: district district_pkey; Type: CONSTRAINT; Schema: public; Owner: postgres
--

ALTER TABLE ONLY public.district
    ADD CONSTRAINT district_pkey PRIMARY KEY (id);


--
-- Name: professional_qualification professional_qualification_pkey; Type: CONSTRAINT; Schema: public; Owner: postgres
--

ALTER TABLE ONLY public.professional_qualification
    ADD CONSTRAINT professional_qualification_pkey PRIMARY KEY (id);


--
-- Name: school_category school_category_pkey; Type: CONSTRAINT; Schema: public; Owner: postgres
--

ALTER TABLE ONLY public.school_category
    ADD CONSTRAINT school_category_pkey PRIMARY KEY (id);


--
-- Name: school_management school_management_pkey; Type: CONSTRAINT; Schema: public; Owner: postgres
--

ALTER TABLE ONLY public.school_management
    ADD CONSTRAINT school_management_pkey PRIMARY KEY (id);


--
-- Name: state state_pkey; Type: CONSTRAINT; Schema: public; Owner: postgres
--

ALTER TABLE ONLY public.state
    ADD CONSTRAINT state_pkey PRIMARY KEY (id);


--
-- Name: teaching_staff teaching_staff_pkey; Type: CONSTRAINT; Schema: public; Owner: postgres
--

ALTER TABLE ONLY public.teaching_staff
    ADD CONSTRAINT teaching_staff_pkey PRIMARY KEY (id);


--
-- Name: block block_district_id_fkey; Type: FK CONSTRAINT; Schema: public; Owner: postgres
--

ALTER TABLE ONLY public.block
    ADD CONSTRAINT block_district_id_fkey FOREIGN KEY (district_id) REFERENCES public.district(id);


--
-- Name: district district_state_id_fkey; Type: FK CONSTRAINT; Schema: public; Owner: postgres
--

ALTER TABLE ONLY public.district
    ADD CONSTRAINT district_state_id_fkey FOREIGN KEY (state_id) REFERENCES public.state(id);


--
-- Name: teaching_staff teaching_staff_academic_qualification_fkey; Type: FK CONSTRAINT; Schema: public; Owner: postgres
--

ALTER TABLE ONLY public.teaching_staff
    ADD CONSTRAINT teaching_staff_academic_qualification_fkey FOREIGN KEY (academic_qualification) REFERENCES public.academic_qualification(id);


--
-- Name: teaching_staff teaching_staff_block_id_fkey; Type: FK CONSTRAINT; Schema: public; Owner: postgres
--

ALTER TABLE ONLY public.teaching_staff
    ADD CONSTRAINT teaching_staff_block_id_fkey FOREIGN KEY (block_id) REFERENCES public.block(id);


--
-- Name: teaching_staff teaching_staff_professional_qualification_fkey; Type: FK CONSTRAINT; Schema: public; Owner: postgres
--

ALTER TABLE ONLY public.teaching_staff
    ADD CONSTRAINT teaching_staff_professional_qualification_fkey FOREIGN KEY (professional_qualification) REFERENCES public.professional_qualification(id);


--
-- Name: teaching_staff teaching_staff_school_category_fkey; Type: FK CONSTRAINT; Schema: public; Owner: postgres
--

ALTER TABLE ONLY public.teaching_staff
    ADD CONSTRAINT teaching_staff_school_category_fkey FOREIGN KEY (school_category) REFERENCES public.school_category(id);


--
-- Name: teaching_staff teaching_staff_school_management_fkey; Type: FK CONSTRAINT; Schema: public; Owner: postgres
--

ALTER TABLE ONLY public.teaching_staff
    ADD CONSTRAINT teaching_staff_school_management_fkey FOREIGN KEY (school_management) REFERENCES public.school_management(id);


--
-- PostgreSQL database dump complete
--

